T179_PRODH_BRAND,T179T_VTEXT_BRAND_DESC,CLASS_TYPE,CHAR_NAME,CHAR_VALUE_MFG_CO,COUNTRY,MFG_CO_ABBREV,MFG_COMMENT,INACTIVE,PRIVATE_LABEL
1010100320,RX GRANOLA,FINISHED_GOODS,MFG_COMPANY,INSURGENT BRANDS LLC,CA,NULL,NULL,,
1010100320,RX GRANOLA,FINISHED_GOODS,MFG_COMPANY,INSURGENT BRANDS LLC,US,NULL,NULL,,
1010100322,MOUTH OFF,FINISHED_GOODS,MFG_COMPANY,CANADA,CA,NULL,NULL,,
1010100322,MOUTH OFF,FINISHED_GOODS,MFG_COMPANY,KELLOGG'S,US,NULL,NULL,,
2010100052,POP-TARTS,FINISHED_GOODS,MFG_COMPANY,CANADA,CA,,,,
2010100052,POP-TARTS,FINISHED_GOODS,MFG_COMPANY,KELLOGG'S POP-TARTS,US,,,,
2010100053,POP-TARTS MINI CRISPS,FINISHED_GOODS,MFG_COMPANY,CANADA,CA,,,,
2010100053,POP-TARTS MINI CRISPS,FINISHED_GOODS,MFG_COMPANY,KELLOGG'S,US,,,,
2010100054,POP-TARTS RAINBOW PALLETS,FINISHED_GOODS,MFG_COMPANY,CANADA,CA,,,,
2010100054,POP-TARTS RAINBOW PALLETS,FINISHED_GOODS,MFG_COMPANY,KELLOGG'S,US,,,,
2010999999,TOASTER PASTRIES PRODUCT RESERVE,FINISHED_GOODS,MFG_COMPANY,CANADA,CA,,,,
2010999999,TOASTER PASTRIES PRODUCT RESERVE,FINISHED_GOODS,MFG_COMPANY,KELLOGG'S,US,,,,
2020100055,ANIMAL CRACKERS COOKIES,FINISHED_GOODS,MFG_COMPANY,CANADA,CA,,,,
2020100055,ANIMAL CRACKERS COOKIES,FINISHED_GOODS,MFG_COMPANY,KELLOGG'S,US,,,,
2030100088,ALL BRAN CRACKERS,FINISHED_GOODS,MFG_COMPANY,CANADA,CA,,,,
2030100088,ALL BRAN CRACKERS,FINISHED_GOODS,MFG_COMPANY,KELLOGG'S,US,,,,
2030100089,AUSTIN CRACKERS OTG,FINISHED_GOODS,MFG_COMPANY,CANADA,CA,,,,
2030100089,AUSTIN CRACKERS OTG,FINISHED_GOODS,MFG_COMPANY,AUSTIN,US,,,,
2030100090,BLUE GINGER,FINISHED_GOODS,MFG_COMPANY,CANADA,CA,,,,
2030100090,BLUE GINGER,FINISHED_GOODS,MFG_COMPANY,KELLOGG'S,US,,,,
2030100091,CADDIES CHEEZ-IT OTG,FINISHED_GOODS,MFG_COMPANY,CANADA,CA,,,,
2030100091,CADDIES CHEEZ-IT OTG,FINISHED_GOODS,MFG_COMPANY,KELLOGG'S CHEEZ IT,US,,,,
2030100092,CARR'S CRACKERS,FINISHED_GOODS,MFG_COMPANY,CANADA,CA,,,,
2030100092,CARR'S CRACKERS,FINISHED_GOODS,MFG_COMPANY,CARR'S,US,,,,
2030100093,CHEEZ-IT,FINISHED_GOODS,MFG_COMPANY,CANADA,CA,,,,
2030100093,CHEEZ-IT,FINISHED_GOODS,MFG_COMPANY,KELLOGG'S CHEEZ IT,US,,,,
2030100094,CLUB CRACKERS,FINISHED_GOODS,MFG_COMPANY,CANADA,CA,,,,
2030100094,CLUB CRACKERS,FINISHED_GOODS,MFG_COMPANY,KELLOGG'S,US,,,,
2030100095,GRAHAMS,FINISHED_GOODS,MFG_COMPANY,CANADA,CA,,,,
2030100095,GRAHAMS,FINISHED_GOODS,MFG_COMPANY,KELLOGG'S,US,,,,
2030100096,GRIPZ CRACKERS OTG,FINISHED_GOODS,MFG_COMPANY,CANADA,CA,,,,
2030100096,GRIPZ CRACKERS OTG,FINISHED_GOODS,MFG_COMPANY,KELLOGG'S CHEEZ IT,US,,,,
2030100097,KASHI HEART TO HEART CRACKERS,FINISHED_GOODS,MFG_COMPANY,CANADA,CA,,,,
2030100097,KASHI HEART TO HEART CRACKERS,FINISHED_GOODS,MFG_COMPANY,KASHI,US,,,,
2030100098,KELLOGG CRACKER BRAND,FINISHED_GOODS,MFG_COMPANY,CANADA,CA,,,,
2030100098,KELLOGG CRACKER BRAND,FINISHED_GOODS,MFG_COMPANY,KELLOGG'S,US,,,,
2030100099,KLG CRACKER PACKS OTG,FINISHED_GOODS,MFG_COMPANY,CANADA,CA,,,,
2030100099,KLG CRACKER PACKS OTG,FINISHED_GOODS,MFG_COMPANY,KELLOGG'S,US,,,,
2030100100,KLG LICENSED CRACKERS,FINISHED_GOODS,MFG_COMPANY,CANADA,CA,,,,
2030100100,KLG LICENSED CRACKERS,FINISHED_GOODS,MFG_COMPANY,KELLOGG'S,US,,,,
2030100101,KLG LICENSED CRACKERS OTG,FINISHED_GOODS,MFG_COMPANY,CANADA,CA,,,,
2030100101,KLG LICENSED CRACKERS OTG,FINISHED_GOODS,MFG_COMPANY,KELLOGG'S,US,,,,
2030100102,KRISPY,FINISHED_GOODS,MFG_COMPANY,CANADA,CA,,,,
2030100102,KRISPY,FINISHED_GOODS,MFG_COMPANY,KELLOGG'S,US,,,,
2030100103,PRIVATE LABEL CRACKERS,FINISHED_GOODS,MFG_COMPANY,CANADA,CA,,,,
2030100103,PRIVATE LABEL CRACKERS,FINISHED_GOODS,MFG_COMPANY,BRICKFIRE BAKERY,US,,,,BRICKFIRE BAKERY
2030100103,PRIVATE LABEL CRACKERS,FINISHED_GOODS,MFG_COMPANY,FOOD SERVICES OF AMERICA,US,,,,FOOD SERVICES OF AMERICA
2030100103,PRIVATE LABEL CRACKERS,FINISHED_GOODS,MFG_COMPANY,FROSTY ACRES RESTAURANTS PRIDE,US,,,,FROSTY ACRES RESTAURANTS PRIDE
2030100103,PRIVATE LABEL CRACKERS,FINISHED_GOODS,MFG_COMPANY,GORDON FOODSERVICE,US,,,,GORDON FOODSERVICE
2030100103,PRIVATE LABEL CRACKERS,FINISHED_GOODS,MFG_COMPANY,HERITAGE OVENS,US,,,,HERITAGE OVENS
2030100103,PRIVATE LABEL CRACKERS,FINISHED_GOODS,MFG_COMPANY,HOUSE RECIPE,US,,,,HOUSE RECIPE
2030100103,PRIVATE LABEL CRACKERS,FINISHED_GOODS,MFG_COMPANY,KELLOGG'S,US,,,,Kellogg
2030100103,PRIVATE LABEL CRACKERS,FINISHED_GOODS,MFG_COMPANY,MONARCH,US,,,,MONARCH
2030100103,PRIVATE LABEL CRACKERS,FINISHED_GOODS,MFG_COMPANY,SAVORITZ 4 KIDS,US,,,,SAVORITZ 4 KIDS
2030100103,PRIVATE LABEL CRACKERS,FINISHED_GOODS,MFG_COMPANY,SYSCO,US,,,,SYSCO
2030100103,PRIVATE LABEL CRACKERS,FINISHED_GOODS,MFG_COMPANY,TACO BELL,US,NULL,NULL,,TACO BELL
2030100103,PRIVATE LABEL CRACKERS,FINISHED_GOODS,MFG_COMPANY,UNIPRO,US,,,,UNIPRO
2030100103,PRIVATE LABEL CRACKERS,FINISHED_GOODS,MFG_COMPANY,US FOODS,US,,,,US FOODS
2030100103,PRIVATE LABEL CRACKERS,FINISHED_GOODS,MFG_COMPANY,WENDY'S,US,,,,WENDY'S
2030100104,RIGHT BITES CHEEZ-IT OTG,FINISHED_GOODS,MFG_COMPANY,CANADA,CA,,,,
2030100104,RIGHT BITES CHEEZ-IT OTG,FINISHED_GOODS,MFG_COMPANY,KELLOGG'S CHEEZ IT,US,,,,
2030100105,SPECIAL K CRACKERS,FINISHED_GOODS,MFG_COMPANY,CANADA,CA,,,,
2030100105,SPECIAL K CRACKERS,FINISHED_GOODS,MFG_COMPANY,KELLOGG'S,US,,,,
2030100106,SPECIAL K CRACKERS OTG,FINISHED_GOODS,MFG_COMPANY,CANADA,CA,,,,
2030100106,SPECIAL K CRACKERS OTG,FINISHED_GOODS,MFG_COMPANY,KELLOGG'S,US,,,,
2030100107,SUNSHINE CRACKERS OTHER,FINISHED_GOODS,MFG_COMPANY,CANADA,CA,,,,
2030100107,SUNSHINE CRACKERS OTHER,FINISHED_GOODS,MFG_COMPANY,SUNSHINE,US,,,,
2030100108,KASHI CRACKERS,FINISHED_GOODS,MFG_COMPANY,CANADA,CA,,,,
2030100108,KASHI CRACKERS,FINISHED_GOODS,MFG_COMPANY,KASHI,US,,,,
2030100109,KASHI CRACKERS OTG,FINISHED_GOODS,MFG_COMPANY,CANADA,CA,,,,
2030100109,KASHI CRACKERS OTG,FINISHED_GOODS,MFG_COMPANY,KASHI,US,,,,
2030100110,TOASTED,FINISHED_GOODS,MFG_COMPANY,CANADA,CA,,,,
2030100110,TOASTED,FINISHED_GOODS,MFG_COMPANY,KELLOGG'S,US,,,,
2030100111,TOWN HOUSE,FINISHED_GOODS,MFG_COMPANY,CANADA,CA,,,,
2030100111,TOWN HOUSE,FINISHED_GOODS,MFG_COMPANY,KELLOGG'S,US,,,,
2030100112,MIXED CRACKER BRANDS,FINISHED_GOODS,MFG_COMPANY,CANADA,CA,,,,
2030100112,MIXED CRACKER BRANDS,FINISHED_GOODS,MFG_COMPANY,KELLOGG'S,US,,,,
2030100113,WHEATABLES,FINISHED_GOODS,MFG_COMPANY,CANADA,CA,,,,
2030100113,WHEATABLES,FINISHED_GOODS,MFG_COMPANY,KELLOGG'S,US,,,,
2030100114,ZESTA SALTINES,FINISHED_GOODS,MFG_COMPANY,CANADA,CA,,,,
2030100114,ZESTA SALTINES,FINISHED_GOODS,MFG_COMPANY,KELLOGG'S,US,,,,
2030100115,OTHER CRACKERS,FINISHED_GOODS,MFG_COMPANY,CANADA,CA,,,,
2030100115,OTHER CRACKERS,FINISHED_GOODS,MFG_COMPANY,KELLOGG'S,US,,,,
2030100189,BEANATURAL,FINISHED_GOODS,MFG_COMPANY,CANADA,CA,,,,
2030100189,BEANATURAL,FINISHED_GOODS,MFG_COMPANY,KELLOGG'S,US,,,,
2030100190,KASHI PITA CRACKERS,FINISHED_GOODS,MFG_COMPANY,CANADA,CA,,,,
2030100190,KASHI PITA CRACKERS,FINISHED_GOODS,MFG_COMPANY,KASHI,US,,,,
2030100209,CADDIES MIXED CRACKERS OTG,FINISHED_GOODS,MFG_COMPANY,CANADA,CA,,,,
2030100209,CADDIES MIXED CRACKERS OTG,FINISHED_GOODS,MFG_COMPANY,KELLOGG'S,US,,,,
2030100212,AUSTIN CRACKERS,FINISHED_GOODS,MFG_COMPANY,CANADA,CA,,,,
2030100212,AUSTIN CRACKERS,FINISHED_GOODS,MFG_COMPANY,AUSTIN,US,,,,
2030100236,BEAR NAKED CRACKERS,FINISHED_GOODS,MFG_COMPANY,CANADA,CA,,,,
2030100236,BEAR NAKED CRACKERS,FINISHED_GOODS,MFG_COMPANY,KASHI,US,,,,
2030100238,KASHI CRISP CRACKERS,FINISHED_GOODS,MFG_COMPANY,CANADA,CA,,,,
2030100238,KASHI CRISP CRACKERS,FINISHED_GOODS,MFG_COMPANY,KASHI,US,,,,
2030100270,CHEEZ-IT SANDWICH CRACKERS,FINISHED_GOODS,MFG_COMPANY,CANADA,CA,,,,
2030100270,CHEEZ-IT SANDWICH CRACKERS,FINISHED_GOODS,MFG_COMPANY,KELLOGG'S CHEEZ IT,US,,,,
2030100319,PURE CRACKERS,FINISHED_GOODS,MFG_COMPANY,KASHI,CA,NULL,NULL,,
2030100319,PURE CRACKERS,FINISHED_GOODS,MFG_COMPANY,PURE ORGANIC,US,NULL,NULL,,
2030100323,CLUB CRACKERS OTG,FINISHED_GOODS,MFG_COMPANY,KELLOGG'S,CA,NULL,NULL,,
2030100323,CLUB CRACKERS OTG,FINISHED_GOODS,MFG_COMPANY,KELLOGG'S,US,NULL,NULL,,
2030200325,KELLOGG GRAHAM CRUMBS,FINISHED_GOODS,MFG_COMPANY,KELLOGG'S,US,NULL,NULL,,
2030999999,CRACKERS PRODUCT RESERVE,FINISHED_GOODS,MFG_COMPANY,CANADA,CA,,,,
2030999999,CRACKERS PRODUCT RESERVE,FINISHED_GOODS,MFG_COMPANY,KELLOGG'S,US,,,,
2035100221,PRINGLES CRISPS,FINISHED_GOODS,MFG_COMPANY,CANADA,CA,,,,
2035100221,PRINGLES CRISPS,FINISHED_GOODS,MFG_COMPANY,PRINGLES,US,,,,
2035100222,PRINGLES CRISPS SNACK STACKS,FINISHED_GOODS,MFG_COMPANY,CANADA,CA,,,,
2035100222,PRINGLES CRISPS SNACK STACKS,FINISHED_GOODS,MFG_COMPANY,PRINGLES,US,,,,
2035100277,PRINGLES WAVY,FINISHED_GOODS,MFG_COMPANY,CANADA,CA,,,,
2035100277,PRINGLES WAVY,FINISHED_GOODS,MFG_COMPANY,PRINGLES,US,,,,
2035100321,PRINGLES HARVEST BLENDS,FINISHED_GOODS,MFG_COMPANY,CANADA,CA,NULL,NULL,,
2035100321,PRINGLES HARVEST BLENDS,FINISHED_GOODS,MFG_COMPANY,PRINGLES,US,NULL,NULL,,
2035100324,PRINGLES MINGLES,FINISHED_GOODS,MFG_COMPANY,PRINGLES,CA,NULL,NULL,,
2035100324,PRINGLES MINGLES,FINISHED_GOODS,MFG_COMPANY,PRINGLES,US,NULL,NULL,,
2035150249,PRINGLES TORTILLAS,FINISHED_GOODS,MFG_COMPANY,CANADA,CA,,,,
2035150249,PRINGLES TORTILLAS,FINISHED_GOODS,MFG_COMPANY,PRINGLES,US,,,,
2035150271,PRINGLES LOUD,FINISHED_GOODS,MFG_COMPANY,CANADA,CA,,,,
2035150271,PRINGLES LOUD,FINISHED_GOODS,MFG_COMPANY,PRINGLES,US,,,,
2035200223,PRINGLES STIX,FINISHED_GOODS,MFG_COMPANY,CANADA,CA,,,,
2035200223,PRINGLES STIX,FINISHED_GOODS,MFG_COMPANY,PRINGLES,US,,,,
2035200224,OTHER SALTY SNACKS,FINISHED_GOODS,MFG_COMPANY,CANADA,CA,,,,
2035200224,OTHER SALTY SNACKS,FINISHED_GOODS,MFG_COMPANY,KELLOGG'S,US,,,,
2035200242,KASHI SALTY SNACKS CRISPS,FINISHED_GOODS,MFG_COMPANY,CANADA,CA,,,,
2035200242,KASHI SALTY SNACKS CRISPS,FINISHED_GOODS,MFG_COMPANY,KASHI,US,,,,
2035200250,CHEEZ-IT SALTY SNACKS,FINISHED_GOODS,MFG_COMPANY,CANADA,CA,,,,
2035200250,CHEEZ-IT SALTY SNACKS,FINISHED_GOODS,MFG_COMPANY,KELLOGG'S CHEEZ IT,US,,,,
2035200252,EAGLE SALTY SNACKS CRISPS,FINISHED_GOODS,MFG_COMPANY,CANADA,CA,,,,
2035200252,EAGLE SALTY SNACKS CRISPS,FINISHED_GOODS,MFG_COMPANY,KELLOGG'S,US,,,,
2035200317,PRINGLES PUFFS,FINISHED_GOODS,MFG_COMPANY,CANADA,CA,,,,
2035200317,PRINGLES PUFFS,FINISHED_GOODS,MFG_COMPANY,"PRINGLES ",US,,,,
2035999999,SALTY SNACKS PRODUCT RESERVE,FINISHED_GOODS,MFG_COMPANY,CANADA,CA,,,,
2035999999,SALTY SNACKS PRODUCT RESERVE,FINISHED_GOODS,MFG_COMPANY,KELLOGG'S,US,,,,
2040200268,PURE FRUIT STRIPS,FINISHED_GOODS,MFG_COMPANY,CANADA,CA,,,,
2040200268,PURE FRUIT STRIPS,FINISHED_GOODS,MFG_COMPANY,PURE ORGANIC,US,,,,
2040200269,PURE LAYERED FRUIT BARS,FINISHED_GOODS,MFG_COMPANY,CANADA,CA,,,,
2040200269,PURE LAYERED FRUIT BARS,FINISHED_GOODS,MFG_COMPANY,PURE ORGANIC,US,,,,
2040999999,FRUIT SNACKS PRODUCT RESERVE,FINISHED_GOODS,MFG_COMPANY,CANADA,CA,,,,
2040999999,FRUIT SNACKS PRODUCT RESERVE,FINISHED_GOODS,MFG_COMPANY,KELLOGG'S,US,,,,
2050100126,ALL BRAN CEREAL BARS,FINISHED_GOODS,MFG_COMPANY,CANADA,CA,,,,
2050100126,ALL BRAN CEREAL BARS,FINISHED_GOODS,MFG_COMPANY,KELLOGG'S,US,,,,
2050100127,CEREAL BREAKFAST BAR,FINISHED_GOODS,MFG_COMPANY,CANADA,CA,,,,
2050100127,CEREAL BREAKFAST BAR,FINISHED_GOODS,MFG_COMPANY,KELLOGG'S,US,,,,
2050100128,CINNABON BARS,FINISHED_GOODS,MFG_COMPANY,CANADA,CA,,,,
2050100128,CINNABON BARS,FINISHED_GOODS,MFG_COMPANY,KELLOGG'S,US,,,,
2050100129,NUTRI-GRAIN CEREAL BARS,FINISHED_GOODS,MFG_COMPANY,CANADA,CA,,,,
2050100129,NUTRI-GRAIN CEREAL BARS,FINISHED_GOODS,MFG_COMPANY,KELLOGG'S,US,,,,
2050100130,SPECIAL K CEREAL BARS,FINISHED_GOODS,MFG_COMPANY,CANADA,CA,,,,
2050100130,SPECIAL K CEREAL BARS,FINISHED_GOODS,MFG_COMPANY,KELLOGG'S,US,,,,
2050100131,KASHI CEREAL BARS,FINISHED_GOODS,MFG_COMPANY,CANADA,CA,,,,
2050100131,KASHI CEREAL BARS,FINISHED_GOODS,MFG_COMPANY,KASHI,US,,,,
2050100194,BE NATURAL BARS,FINISHED_GOODS,MFG_COMPANY,CANADA,CA,,,,
2050100194,BE NATURAL BARS,FINISHED_GOODS,MFG_COMPANY,KELLOGG'S,US,,,,
2050100204,KASHI SOFT N CHEWY BARS,FINISHED_GOODS,MFG_COMPANY,CANADA,CA,,,,
2050100204,KASHI SOFT N CHEWY BARS,FINISHED_GOODS,MFG_COMPANY,KASHI,US,,,,
2050100289,KASHI BITES,FINISHED_GOODS,MFG_COMPANY,CANADA,CA,,,,
2050100289,KASHI BITES,FINISHED_GOODS,MFG_COMPANY,KASHI,US,,,,
2050200132,KASHI LAYERED BARS,FINISHED_GOODS,MFG_COMPANY,CANADA,CA,,,,
2050200132,KASHI LAYERED BARS,FINISHED_GOODS,MFG_COMPANY,KASHI,US,,,,
2050200133,BEAR NAKED BARS,FINISHED_GOODS,MFG_COMPANY,CANADA,CA,,,,
2050200133,BEAR NAKED BARS,FINISHED_GOODS,MFG_COMPANY,BEAR NAKED,US,,,,
2050200134,FIBER PLUS BARS,FINISHED_GOODS,MFG_COMPANY,CANADA,CA,,,,
2050200134,FIBER PLUS BARS,FINISHED_GOODS,MFG_COMPANY,KELLOGG'S,US,,,,
2050200135,SWEET & SALTY BARS,FINISHED_GOODS,MFG_COMPANY,CANADA,CA,,,,
2050200135,SWEET & SALTY BARS,FINISHED_GOODS,MFG_COMPANY,KELLOGG'S,US,,,,
2050200136,KASHI CHEWY BARS,FINISHED_GOODS,MFG_COMPANY,CANADA,CA,,,,
2050200136,KASHI CHEWY BARS,FINISHED_GOODS,MFG_COMPANY,KASHI,US,,,,
2050200195,KASHI CRUNCHY BARS,FINISHED_GOODS,MFG_COMPANY,CANADA,CA,,,,
2050200195,KASHI CRUNCHY BARS,FINISHED_GOODS,MFG_COMPANY,KASHI,US,,,,
2050200196,Kellogg GRANOLA BARS,FINISHED_GOODS,MFG_COMPANY,CANADA,CA,,,,
2050200196,Kellogg GRANOLA BARS,FINISHED_GOODS,MFG_COMPANY,KELLOGG'S,US,,,,
2050200197,KELLOGG GRANOLA MUNCH'EMS,FINISHED_GOODS,MFG_COMPANY,CANADA,CA,,,,
2050200197,KELLOGG GRANOLA MUNCH'EMS,FINISHED_GOODS,MFG_COMPANY,KELLOGG'S,US,,,,
2050200207,KASHI MIXED BRANDS,FINISHED_GOODS,MFG_COMPANY,CANADA,CA,,,,
2050200207,KASHI MIXED BRANDS,FINISHED_GOODS,MFG_COMPANY,KASHI,US,,,,
2050200210,SPECIAL K GRANOLA BARS,FINISHED_GOODS,MFG_COMPANY,CANADA,CA,,,,
2050200210,SPECIAL K GRANOLA BARS,FINISHED_GOODS,MFG_COMPANY,KELLOGG'S,US,,,,
2050200227,GIRL SCOUT GRANOLA BAR,FINISHED_GOODS,MFG_COMPANY,CANADA,CA,,,,
2050200227,GIRL SCOUT GRANOLA BAR,FINISHED_GOODS,MFG_COMPANY,MURRAY,US,,,,
2050200232,NUTRI-GRAIN GRANOLA BARS,FINISHED_GOODS,MFG_COMPANY,CANADA,CA,,,,
2050200232,NUTRI-GRAIN GRANOLA BARS,FINISHED_GOODS,MFG_COMPANY,KELLOGG'S,US,,,,
2050200258,KASHI ORGANIC CHEWY BARS,FINISHED_GOODS,MFG_COMPANY,CANADA,CA,,,,
2050200258,KASHI ORGANIC CHEWY BARS,FINISHED_GOODS,MFG_COMPANY,KASHI,US,,,,
2050300137,RKT SQUARES,FINISHED_GOODS,MFG_COMPANY,CANADA,CA,,,,
2050300137,RKT SQUARES,FINISHED_GOODS,MFG_COMPANY,KELLOGG'S,US,,,,
2050300138,RKT CRUNCH MIX,FINISHED_GOODS,MFG_COMPANY,CANADA,CA,,,,
2050300138,RKT CRUNCH MIX,FINISHED_GOODS,MFG_COMPANY,KELLOGG'S,US,,,,
2050300216,KASHI SOFT BAKED SQUARES,FINISHED_GOODS,MFG_COMPANY,CANADA,CA,,,,
2050300216,KASHI SOFT BAKED SQUARES,FINISHED_GOODS,MFG_COMPANY,KASHI,US,,,,
2050300254,KRAVE TREAT BARS,FINISHED_GOODS,MFG_COMPANY,CANADA,CA,,,,
2050300254,KRAVE TREAT BARS,FINISHED_GOODS,MFG_COMPANY,KELLOGG'S,US,,,,
2050300263,PURE ANCIENT GRAINS BAR,FINISHED_GOODS,MFG_COMPANY,CANADA,CA,,,,
2050300263,PURE ANCIENT GRAINS BAR,FINISHED_GOODS,MFG_COMPANY,PURE ORGANIC,US,,,,
2050300264,PURE 100 CAL BAR,FINISHED_GOODS,MFG_COMPANY,CANADA,CA,,,,
2050300264,PURE 100 CAL BAR,FINISHED_GOODS,MFG_COMPANY,PURE ORGANIC,US,,,,
2050300283,RKT POPPERS,FINISHED_GOODS,MFG_COMPANY,CANADA,CA,,,,
2050300283,RKT POPPERS,FINISHED_GOODS,MFG_COMPANY,KELLOGG'S,US,,,,
2050400139,ALL BRAN FIBER BARS,FINISHED_GOODS,MFG_COMPANY,CANADA,CA,,,,
2050400139,ALL BRAN FIBER BARS,FINISHED_GOODS,MFG_COMPANY,KELLOGG'S,US,,,,
2050400140,SPECIAL K PROTEIN BARS,FINISHED_GOODS,MFG_COMPANY,CANADA,CA,,,,
2050400140,SPECIAL K PROTEIN BARS,FINISHED_GOODS,MFG_COMPANY,KELLOGG'S,US,,,,
2050400141,LIVE BRIGHT,FINISHED_GOODS,MFG_COMPANY,CANADA,CA,,,,
2050400141,LIVE BRIGHT,FINISHED_GOODS,MFG_COMPANY,KELLOGG'S,US,,,,
2050400142,KASHI GOLEAN BARS,FINISHED_GOODS,MFG_COMPANY,CANADA,CA,,,,
2050400142,KASHI GOLEAN BARS,FINISHED_GOODS,MFG_COMPANY,KASHI,US,,,,
2050400208,SPK MIXED H & W BRANDS,FINISHED_GOODS,MFG_COMPANY,CANADA,CA,,,,
2050400208,SPK MIXED H & W BRANDS,FINISHED_GOODS,MFG_COMPANY,KELLOGG'S,US,,,,
2050400233,SPECIAL K NOURISH BARS,FINISHED_GOODS,MFG_COMPANY,CANADA,CA,,,,
2050400233,SPECIAL K NOURISH BARS,FINISHED_GOODS,MFG_COMPANY,KELLOGG'S,US,,,,
2050400234,BEAR NAKED H&W BARS,FINISHED_GOODS,MFG_COMPANY,CANADA,CA,,,,
2050400234,BEAR NAKED H&W BARS,FINISHED_GOODS,MFG_COMPANY,BEAR NAKED,US,,,,
2050400235,KASHI JOI,FINISHED_GOODS,MFG_COMPANY,CANADA,CA,,,,
2050400235,KASHI JOI,FINISHED_GOODS,MFG_COMPANY,KASHI,US,,,,
2050400265,PURE FRUIT & NUT BAR,FINISHED_GOODS,MFG_COMPANY,CANADA,CA,,,,
2050400265,PURE FRUIT & NUT BAR,FINISHED_GOODS,MFG_COMPANY,PURE ORGANIC,US,,,,
2050400266,PURE VEGGIE PROTEIN BAR,FINISHED_GOODS,MFG_COMPANY,CANADA,CA,,,,
2050400266,PURE VEGGIE PROTEIN BAR,FINISHED_GOODS,MFG_COMPANY,PURE ORGANIC,US,,,,
2050400275,KASHI H&W BARS,FINISHED_GOODS,MFG_COMPANY,CANADA,CA,,,,
2050400275,KASHI H&W BARS,FINISHED_GOODS,MFG_COMPANY,KASHI,US,,,,
2050400276,RXBAR,FINISHED_GOODS,MFG_COMPANY,CANADA,CA,,,X,
2050400276,RXBAR,FINISHED_GOODS,MFG_COMPANY,KELLOGG'S,US,,,X,
2050400278,HAPPY INSIDE BARS,FINISHED_GOODS,MFG_COMPANY,CANADA,CA,,,,
2050400278,HAPPY INSIDE BARS,FINISHED_GOODS,MFG_COMPANY,KELLOGG'S,US,,,,
2050400279,HAPPY INSIDE MIX,FINISHED_GOODS,MFG_COMPANY,CANADA,CA,,,,
2050400279,HAPPY INSIDE MIX,FINISHED_GOODS,MFG_COMPANY,KELLOGG'S,US,,,,
2050400280,WK RESERVE,FINISHED_GOODS,MFG_COMPANY,CANADA,CA,,,,
2050400280,WK RESERVE,FINISHED_GOODS,MFG_COMPANY,KELLOGG'S,US,,,,
2050400285,KASHI PROTEIN BARS,FINISHED_GOODS,MFG_COMPANY,CANADA,CA,,,,
2050400285,KASHI PROTEIN BARS,FINISHED_GOODS,MFG_COMPANY,KASHI,US,,,,
2050400288,RXBAR CANADA,FINISHED_GOODS,MFG_COMPANY,CANADA,CA,,,X,
2050400288,RXBAR CANADA,FINISHED_GOODS,MFG_COMPANY,KELLOGG'S,US,,,X,
2050409999,H & W BARS PRODUCT RESERVE,FINISHED_GOODS,MFG_COMPANY,CANADA,CA,,,,
2050409999,H & W BARS PRODUCT RESERVE,FINISHED_GOODS,MFG_COMPANY,KELLOGG'S,US,,,,
2050500143,VECTOR BARS,FINISHED_GOODS,MFG_COMPANY,CANADA,CA,,,,
2050500143,VECTOR BARS,FINISHED_GOODS,MFG_COMPANY,KELLOGG'S,US,,,,
2050500206,MIXED WS BRANDS,FINISHED_GOODS,MFG_COMPANY,CANADA,CA,,,,
2050500206,MIXED WS BRANDS,FINISHED_GOODS,MFG_COMPANY,KELLOGG'S,US,,,,
2050500255,OTHER NEW BARS,FINISHED_GOODS,MFG_COMPANY,CANADA,CA,,,,
2050500255,OTHER NEW BARS,FINISHED_GOODS,MFG_COMPANY,KELLOGG'S,US,,,,
2050600309,RXBAR,FINISHED_GOODS,MFG_COMPANY,INSURGENT BRANDS LLC,CA,,,,
2050600309,RXBAR,FINISHED_GOODS,MFG_COMPANY,INSURGENT BRANDS LLC,US,,,,
2050600310,RXBAR MINIS,FINISHED_GOODS,MFG_COMPANY,INSURGENT BRANDS LLC,CA,,,,
2050600310,RXBAR MINIS,FINISHED_GOODS,MFG_COMPANY,INSURGENT BRANDS LLC,US,,,,
2050600311,RXBAR LAYERS,FINISHED_GOODS,MFG_COMPANY,INSURGENT BRANDS LLC,CA,,,,
2050600311,RXBAR LAYERS,FINISHED_GOODS,MFG_COMPANY,INSURGENT BRANDS LLC,US,,,,
2050600314,RXBAR KIDS,FINISHED_GOODS,MFG_COMPANY,INSURGENT BRANDS LLC,CA,,,,
2050600314,RXBAR KIDS,FINISHED_GOODS,MFG_COMPANY,INSURGENT BRANDS LLC,US,,,,
2050600316,RXBAR PLANT-BASED,FINISHED_GOODS,MFG_COMPANY,INSURGENT BRANDS LLC,CA,,,,
2050600316,RXBAR PLANT-BASED,FINISHED_GOODS,MFG_COMPANY,INSURGENT BRANDS LLC,US,,,,
2050999999,BARS PRODUCT RESERVE,FINISHED_GOODS,MFG_COMPANY,CANADA,CA,,,,
2050999999,BARS PRODUCT RESERVE,FINISHED_GOODS,MFG_COMPANY,KELLOGG'S,US,,,,
2060100230,SPECIAL K BREAKFAST SHAKE,FINISHED_GOODS,MFG_COMPANY,CANADA,CA,,,,
2060100230,SPECIAL K BREAKFAST SHAKE,FINISHED_GOODS,MFG_COMPANY,KELLOGG'S,US,,,,
2060100231,KELLOGG BREAKFAST TG SHAKE,FINISHED_GOODS,MFG_COMPANY,CANADA,CA,,,,
2060100231,KELLOGG BREAKFAST TG SHAKE,FINISHED_GOODS,MFG_COMPANY,KELLOGG'S,US,,,,
2060100244,VECTOR SHAKES,FINISHED_GOODS,MFG_COMPANY,CANADA,CA,,,,
2060100244,VECTOR SHAKES,FINISHED_GOODS,MFG_COMPANY,KELLOGG'S,US,,,,
2060100246,ALL BRAN SHAKES,FINISHED_GOODS,MFG_COMPANY,CANADA,CA,,,,
2060100246,ALL BRAN SHAKES,FINISHED_GOODS,MFG_COMPANY,KELLOGG'S,US,,,,
2060200145,SPECIAL K POWDERS,FINISHED_GOODS,MFG_COMPANY,CANADA,CA,,,,
2060200145,SPECIAL K POWDERS,FINISHED_GOODS,MFG_COMPANY,KELLOGG'S,US,,,,
2060200146,ALL BRAN FIBER POWDER,FINISHED_GOODS,MFG_COMPANY,CANADA,CA,,,,
2060200146,ALL BRAN FIBER POWDER,FINISHED_GOODS,MFG_COMPANY,KELLOGG'S,US,,,,
2060200147,KASHI GOLEAN POWDERS,FINISHED_GOODS,MFG_COMPANY,CANADA,CA,,,,
2060200147,KASHI GOLEAN POWDERS,FINISHED_GOODS,MFG_COMPANY,KASHI,US,,,,
2060200148,MSF ORGANIC-KAFFREE ROMA,FINISHED_GOODS,MFG_COMPANY,CANADA,CA,,,,
2060200148,MSF ORGANIC-KAFFREE ROMA,FINISHED_GOODS,MFG_COMPANY,WORTHINGTON,US,,,,
2060200243,KELLOGG BREAKFAST TG POWDER,FINISHED_GOODS,MFG_COMPANY,CANADA,CA,,,,
2060200243,KELLOGG BREAKFAST TG POWDER,FINISHED_GOODS,MFG_COMPANY,KELLOGG'S,US,,,,
2060200273,DO NOT USE,FINISHED_GOODS,MFG_COMPANY,CANADA,CA,,,,
2060200273,DO NOT USE,FINISHED_GOODS,MFG_COMPANY,"DO NOT USE                              ",US,,,,
2060999999,BEVERAGES PRODUCT RESERVE,FINISHED_GOODS,MFG_COMPANY,CANADA,CA,,,,
2060999999,BEVERAGES PRODUCT RESERVE,FINISHED_GOODS,MFG_COMPANY,KELLOGG'S,US,,,,
2070100149,Kellogg CRUSTS,FINISHED_GOODS,MFG_COMPANY,CANADA,CA,,,,
2070100149,Kellogg CRUSTS,FINISHED_GOODS,MFG_COMPANY,FERRARA CANDY COMPANY,US,,,,
2070100149,Kellogg CRUSTS,FINISHED_GOODS,MFG_COMPANY,KELLOGG'S,US,,,X,
2070100150,PRIVATE LABEL CRUSTS,FINISHED_GOODS,MFG_COMPANY,CANADA,CA,,,,
2070100150,PRIVATE LABEL CRUSTS,FINISHED_GOODS,MFG_COMPANY,GREAT VALUE WM,US,,,,GREAT VALUE WM
2070100150,PRIVATE LABEL CRUSTS,FINISHED_GOODS,MFG_COMPANY,MARKET BASKET,US,,,,MARKET BASKET
2070100150,PRIVATE LABEL CRUSTS,FINISHED_GOODS,MFG_COMPANY,SYSCO,US,,,,SYSCO
2070100150,PRIVATE LABEL CRUSTS,FINISHED_GOODS,MFG_COMPANY,WEGMANS,US,,,,WEGMANS
2070200151,KELLOGG'S CROUTETTES STUFFING MIX,FINISHED_GOODS,MFG_COMPANY,CANADA,CA,,,,
2070200151,KELLOGG'S CROUTETTES STUFFING MIX,FINISHED_GOODS,MFG_COMPANY,KELLOGG'S,US,,,,
2070300152,Kellogg GRAHAM CRACKER CRUMBS,FINISHED_GOODS,MFG_COMPANY,CANADA,CA,,,,
2070300152,Kellogg GRAHAM CRACKER CRUMBS,FINISHED_GOODS,MFG_COMPANY,KELLOGG'S,US,,,,
2070400154,EGGO SYRUP,FINISHED_GOODS,MFG_COMPANY,CANADA,CA,,,,
2070400154,EGGO SYRUP,FINISHED_GOODS,MFG_COMPANY,KELLOGG'S EGGO,US,,,,
2070999999,INGREDIENTS PRODUCT RESERVE,FINISHED_GOODS,MFG_COMPANY,CANADA,CA,,,,
2070999999,INGREDIENTS PRODUCT RESERVE,FINISHED_GOODS,MFG_COMPANY,KELLOGG'S,US,,,,
2080100155,BEAR NAKED TRAIL MIX,FINISHED_GOODS,MFG_COMPANY,CANADA,CA,,,,
2080100155,BEAR NAKED TRAIL MIX,FINISHED_GOODS,MFG_COMPANY,BEAR NAKED,US,,,,
2080100267,PURE CLUSTERS,FINISHED_GOODS,MFG_COMPANY,CANADA,CA,,,,
2080100267,PURE CLUSTERS,FINISHED_GOODS,MFG_COMPANY,PURE ORGANIC,US,,,,
2080100286,BEAR NAKED BARK,FINISHED_GOODS,MFG_COMPANY,CANADA,CA,,,,
2080100286,BEAR NAKED BARK,FINISHED_GOODS,MFG_COMPANY,BEAR NAKED,US,,,,
2080200203,KASHI HERITAGE SIDES,FINISHED_GOODS,MFG_COMPANY,CANADA,CA,,,,
2080200203,KASHI HERITAGE SIDES,FINISHED_GOODS,MFG_COMPANY,KASHI,US,,,,
2080300261,CROSS CATEGORY SNACK BOX,FINISHED_GOODS,MFG_COMPANY,CANADA,CA,,,,
2080300261,CROSS CATEGORY SNACK BOX,FINISHED_GOODS,MFG_COMPANY,KELLOGG'S,US,,,,
2080300297,LEAF JERKY,FINISHED_GOODS,MFG_COMPANY,CANADA,CA,,,,
2080300297,LEAF JERKY,FINISHED_GOODS,MFG_COMPANY,KELLOGG'S,US,,,,
2080400312,RXBAR NUT BUTTERS,FINISHED_GOODS,MFG_COMPANY,INSURGENT BRANDS LLC,CA,,,,
2080400312,RXBAR NUT BUTTERS,FINISHED_GOODS,MFG_COMPANY,INSURGENT BRANDS LLC,US,,,,
2080999999,OTHER CONVENIENCE PRODUCT RESERVE,FINISHED_GOODS,MFG_COMPANY,CANADA,CA,,,,
2080999999,OTHER CONVENIENCE PRODUCT RESERVE,FINISHED_GOODS,MFG_COMPANY,KELLOGG'S,US,,,,
2090100156,GIRL SCOUT AWARDS,FINISHED_GOODS,MFG_COMPANY,CANADA,CA,,,,
2090100156,GIRL SCOUT AWARDS,FINISHED_GOODS,MFG_COMPANY,KELLOGG'S,US,,,,
2090100211,DISPLAYS,FINISHED_GOODS,MFG_COMPANY,CANADA,CA,,,,
2090100211,DISPLAYS,FINISHED_GOODS,MFG_COMPANY,DO NOT USE,US,,,,
2090100247,SNACKS MISC LICENSING,FINISHED_GOODS,MFG_COMPANY,CANADA,CA,,,,
2090100247,SNACKS MISC LICENSING,FINISHED_GOODS,MFG_COMPANY,KELLOGG'S,US,,,,
2090100248,IDEAL VIE,FINISHED_GOODS,MFG_COMPANY,CANADA,CA,,,,
2090100248,IDEAL VIE,FINISHED_GOODS,MFG_COMPANY,KELLOGG'S,US,,,,
4010100157,EGGO WAFFLES,FINISHED_GOODS,MFG_COMPANY,CANADA,CA,,,,
4010100157,EGGO WAFFLES,FINISHED_GOODS,MFG_COMPANY,KELLOGG'S EGGO,US,,,,
4010100158,KASHI GOLEAN WAFFLES,FINISHED_GOODS,MFG_COMPANY,CANADA,CA,,,,
4010100158,KASHI GOLEAN WAFFLES,FINISHED_GOODS,MFG_COMPANY,KASHI,US,,,,
4010100159,KASHI WAFFLES,FINISHED_GOODS,MFG_COMPANY,CANADA,CA,,,,
4010100159,KASHI WAFFLES,FINISHED_GOODS,MFG_COMPANY,KASHI,US,,,,
4010100160,EGGO SPECIAL K WAFFLES,FINISHED_GOODS,MFG_COMPANY,CANADA,CA,,,,
4010100160,EGGO SPECIAL K WAFFLES,FINISHED_GOODS,MFG_COMPANY,KELLOGG'S EGGO,US,,,,
4010100161,MIXED FROZEN BRANDS,FINISHED_GOODS,MFG_COMPANY,CANADA,CA,,,,
4010100161,MIXED FROZEN BRANDS,FINISHED_GOODS,MFG_COMPANY,KELLOGG'S EGGO,US,,,,
4010100205,EGGO NUTRI-GRAIN WAFFLES,FINISHED_GOODS,MFG_COMPANY,CANADA,CA,,,,
4010100205,EGGO NUTRI-GRAIN WAFFLES,FINISHED_GOODS,MFG_COMPANY,KELLOGG'S EGGO,US,,,,
4010100290,OFF THE GRID WAFFLES,FINISHED_GOODS,MFG_COMPANY,CANADA,CA,,,,
4010100290,OFF THE GRID WAFFLES,FINISHED_GOODS,MFG_COMPANY,KELLOGG'S,US,,,,
4010100303,KELLOGG'S WAFFLES,FINISHED_GOODS,MFG_COMPANY,CANADA,CA,,,,
4010100303,KELLOGG'S WAFFLES,FINISHED_GOODS,MFG_COMPANY,KELLOGG'S,US,,,,
4010200162,EGGO PANCAKES,FINISHED_GOODS,MFG_COMPANY,CANADA,CA,,,,
4010200162,EGGO PANCAKES,FINISHED_GOODS,MFG_COMPANY,KELLOGG'S EGGO,US,,,,
4010200163,CINNABON PANCAKES,FINISHED_GOODS,MFG_COMPANY,CANADA,CA,,,,
4010200163,CINNABON PANCAKES,FINISHED_GOODS,MFG_COMPANY,KELLOGG'S,US,,,,
4010300164,EGGO BAKE SHOP,FINISHED_GOODS,MFG_COMPANY,CANADA,CA,,,,
4010300164,EGGO BAKE SHOP,FINISHED_GOODS,MFG_COMPANY,KELLOGG'S EGGO,US,,,,
4010300165,EGGO SWEET PIZZA,FINISHED_GOODS,MFG_COMPANY,CANADA,CA,,,,
4010300165,EGGO SWEET PIZZA,FINISHED_GOODS,MFG_COMPANY,KELLOGG'S EGGO,US,,,,
4010300198,EGGO MUFFIN TOPS,FINISHED_GOODS,MFG_COMPANY,CANADA,CA,,,,
4010300198,EGGO MUFFIN TOPS,FINISHED_GOODS,MFG_COMPANY,KELLOGG'S EGGO,US,,,,
4010300199,EGGO SWEET GOODS NEW,FINISHED_GOODS,MFG_COMPANY,CANADA,CA,,,,
4010300199,EGGO SWEET GOODS NEW,FINISHED_GOODS,MFG_COMPANY,KELLOGG'S EGGO,US,,,,
4010300200,SPECIAL K MINI LOAVES,FINISHED_GOODS,MFG_COMPANY,CANADA,CA,,,,
4010300200,SPECIAL K MINI LOAVES,FINISHED_GOODS,MFG_COMPANY,KELLOGG'S,US,,,,
4010400166,EGGO SAVORY,FINISHED_GOODS,MFG_COMPANY,CANADA,CA,,,,
4010400166,EGGO SAVORY,FINISHED_GOODS,MFG_COMPANY,KELLOGG'S EGGO,US,,,,
4010400218,SPECIAL K BKFST HANDHELD,FINISHED_GOODS,MFG_COMPANY,CANADA,CA,,,,
4010400218,SPECIAL K BKFST HANDHELD,FINISHED_GOODS,MFG_COMPANY,KELLOGG'S,US,,,,
4010400272,LICENSED FROZEN MEALS,FINISHED_GOODS,MFG_COMPANY,CANADA,CA,,,,
4010400272,LICENSED FROZEN MEALS,FINISHED_GOODS,MFG_COMPANY,KELLOGG'S,US,,,,
4010400284,FROZEN AM BAKERY,FINISHED_GOODS,MFG_COMPANY,CANADA,CA,,,,
4010400284,FROZEN AM BAKERY,FINISHED_GOODS,MFG_COMPANY,KELLOGG'S,US,,,,
4010500167,EGGO FRENCH TOAST,FINISHED_GOODS,MFG_COMPANY,CANADA,CA,,,,
4010500167,EGGO FRENCH TOAST,FINISHED_GOODS,MFG_COMPANY,KELLOGG'S EGGO,US,,,,
4010500201,CINNABON FRENCH TOAST,FINISHED_GOODS,MFG_COMPANY,CANADA,CA,,,,
4010500201,CINNABON FRENCH TOAST,FINISHED_GOODS,MFG_COMPANY,KELLOGG'S EGGO,US,,,,
4010600307,EGGO STUFFED,FINISHED_GOODS,MFG_COMPANY,CANADA,CA,,,,
4010600307,EGGO STUFFED,FINISHED_GOODS,MFG_COMPANY,KELLOGG'S EGGO,US,,,,
4010999999,FROZEN BREAKFAST PRODUCT RESERVE,FINISHED_GOODS,MFG_COMPANY,CANADA,CA,,,,
4010999999,FROZEN BREAKFAST PRODUCT RESERVE,FINISHED_GOODS,MFG_COMPANY,KELLOGG'S,US,,,,
4020100168,WORTHINGTON FOODS - CANNED,FINISHED_GOODS,MFG_COMPANY,CANADA,CA,,,,
4020100168,WORTHINGTON FOODS - CANNED,FINISHED_GOODS,MFG_COMPANY,WORTHINGTON,US,,,,
4020100169,LOMA LINDA - CANNED,FINISHED_GOODS,MFG_COMPANY,CANADA,CA,,,,
4020100169,LOMA LINDA - CANNED,FINISHED_GOODS,MFG_COMPANY,WORTHINGTON,US,,,,
4020150170,GB VEGGIE BURGERS,FINISHED_GOODS,MFG_COMPANY,CANADA,CA,,,,
4020150170,GB VEGGIE BURGERS,FINISHED_GOODS,MFG_COMPANY,GARDENBURGER,US,,,,
4020150171,MSF VEGGIE BURGERS,FINISHED_GOODS,MFG_COMPANY,CANADA,CA,,,,
4020150171,MSF VEGGIE BURGERS,FINISHED_GOODS,MFG_COMPANY,MORNINGSTAR FARMS,US,,,,
4020150291,DO NOT USE - INCOG BURGERS,FINISHED_GOODS,MFG_COMPANY,CANADA,CA,,,,
4020150291,DO NOT USE - INCOG BURGERS,FINISHED_GOODS,MFG_COMPANY,MORNINGSTAR FARMS,US,,,,
4020200172,GB POULTRY,FINISHED_GOODS,MFG_COMPANY,CANADA,CA,,,,
4020200172,GB POULTRY,FINISHED_GOODS,MFG_COMPANY,GARDENBURGER,US,,,,
4020200173,MSF POULTRY,FINISHED_GOODS,MFG_COMPANY,CANADA,CA,,,,
4020200173,MSF POULTRY,FINISHED_GOODS,MFG_COMPANY,MORNINGSTAR FARMS,US,,,,
4020200296,DO NOT USE - INCOG POULTRY,FINISHED_GOODS,MFG_COMPANY,CANADA,CA,,,,
4020200296,DO NOT USE - INCOG POULTRY,FINISHED_GOODS,MFG_COMPANY,MORNINGSTAR FARMS,US,,,,
4020250174,MSF HOT DOGS,FINISHED_GOODS,MFG_COMPANY,CANADA,CA,,,,
4020250174,MSF HOT DOGS,FINISHED_GOODS,MFG_COMPANY,MORNINGSTAR FARMS,US,,,,
4020250292,DO NOT USE - INCOG SAUSAGE,FINISHED_GOODS,MFG_COMPANY,CANADA,CA,,,,
4020250292,DO NOT USE - INCOG SAUSAGE,FINISHED_GOODS,MFG_COMPANY,MORNINGSTAR FARMS,US,,,,
4020300175,MSF CORN DOGS,FINISHED_GOODS,MFG_COMPANY,CANADA,CA,,,,
4020300175,MSF CORN DOGS,FINISHED_GOODS,MFG_COMPANY,MORNINGSTAR FARMS,US,,,,
4020350176,GB HANDHELDS,FINISHED_GOODS,MFG_COMPANY,CANADA,CA,,,,
4020350176,GB HANDHELDS,FINISHED_GOODS,MFG_COMPANY,GARDENBURGER,US,,,,
4020350251,MSF HANDHELDS,FINISHED_GOODS,MFG_COMPANY,CANADA,CA,,,,
4020350251,MSF HANDHELDS,FINISHED_GOODS,MFG_COMPANY,MORNINGSTAR FARMS,US,,,,
4020400177,GB BREAKFAST,FINISHED_GOODS,MFG_COMPANY,CANADA,CA,,,,
4020400177,GB BREAKFAST,FINISHED_GOODS,MFG_COMPANY,GARDENBURGER,US,,,,
4020400178,MSF BREAKFAST,FINISHED_GOODS,MFG_COMPANY,CANADA,CA,,,,
4020400178,MSF BREAKFAST,FINISHED_GOODS,MFG_COMPANY,MORNINGSTAR FARMS,US,,,,
4020450179,GB MEAL SOLUTIONS,FINISHED_GOODS,MFG_COMPANY,CANADA,CA,,,,
4020450179,GB MEAL SOLUTIONS,FINISHED_GOODS,MFG_COMPANY,GARDENBURGER,US,,,,
4020450180,MSF MEAL SOLUTIONS,FINISHED_GOODS,MFG_COMPANY,CANADA,CA,,,,
4020450180,MSF MEAL SOLUTIONS,FINISHED_GOODS,MFG_COMPANY,MORNINGSTAR FARMS,US,,,,
4020450293,DO NOT USE - INCOG MEAL SOLUTIONS,FINISHED_GOODS,MFG_COMPANY,CANADA,CA,,,,
4020450293,DO NOT USE - INCOG MEAL SOLUTIONS,FINISHED_GOODS,MFG_COMPANY,MORNINGSTAR FARMS,US,,,,
4020450304,PRIVATE LABEL MEAL SOLUTIONS,FINISHED_GOODS,MFG_COMPANY,CANADA,CA,,,,
4020450304,PRIVATE LABEL MEAL SOLUTIONS,FINISHED_GOODS,MFG_COMPANY,ROMA,US,,,,
4020500181,GB - OTHER,FINISHED_GOODS,MFG_COMPANY,CANADA,CA,,,,
4020500181,GB - OTHER,FINISHED_GOODS,MFG_COMPANY,GARDENBURGER,US,,,,
4020500182,MSF - OTHER,FINISHED_GOODS,MFG_COMPANY,CANADA,CA,,,,
4020500182,MSF - OTHER,FINISHED_GOODS,MFG_COMPANY,MORNINGSTAR FARMS,US,,,,
4020500183,MSF ORGANIC - OTHER,FINISHED_GOODS,MFG_COMPANY,CANADA,CA,,,,
4020500183,MSF ORGANIC - OTHER,FINISHED_GOODS,MFG_COMPANY,MORNINGSTAR FARMS,US,,,,
4020500184,WORTHINGTON FOODS - OTHER,FINISHED_GOODS,MFG_COMPANY,CANADA,CA,,,,
4020500184,WORTHINGTON FOODS - OTHER,FINISHED_GOODS,MFG_COMPANY,WORTHINGTON,US,,,,
4020550192,MSF ENTREES,FINISHED_GOODS,MFG_COMPANY,CANADA,CA,,,,
4020550192,MSF ENTREES,FINISHED_GOODS,MFG_COMPANY,MORNINGSTAR FARMS,US,,,,
4020999999,VEGGIE PRODUCT RESERVE,FINISHED_GOODS,MFG_COMPANY,CANADA,CA,,,,
4020999999,VEGGIE PRODUCT RESERVE,FINISHED_GOODS,MFG_COMPANY,MORNINGSTAR FARMS,US,,,,
4030500185,KASHI PIZZA,FINISHED_GOODS,MFG_COMPANY,CANADA,CA,,,,
4030500185,KASHI PIZZA,FINISHED_GOODS,MFG_COMPANY,KASHI,US,,,,
4030550186,KASHI ENTR?E'S,FINISHED_GOODS,MFG_COMPANY,CANADA,CA,,,,
4030550186,KASHI ENTR?E'S,FINISHED_GOODS,MFG_COMPANY,KASHI,US,,,,
4030600240,KASHI SOUP,FINISHED_GOODS,MFG_COMPANY,CANADA,CA,,,,
4030600240,KASHI SOUP,FINISHED_GOODS,MFG_COMPANY,KASHI,US,,,,
4030999999,FROZEN MEALS PRODUCT RESERVE,FINISHED_GOODS,MFG_COMPANY,CANADA,CA,,,,
4030999999,FROZEN MEALS PRODUCT RESERVE,FINISHED_GOODS,MFG_COMPANY,MORNINGSTAR FARMS,US,,,,
4040500298,"INCOGMEATO BURGERS                      ",FINISHED_GOODS,MFG_COMPANY,CANADA,CA,,,,
4040500298,"INCOGMEATO BURGERS                      ",FINISHED_GOODS,MFG_COMPANY,MORNINGSTAR FARMS,US,,,,
4040500299,"INCOGMEATO GROUND             ",FINISHED_GOODS,MFG_COMPANY,CANADA,CA,,,,
4040500299,"INCOGMEATO GROUND                 ",FINISHED_GOODS,MFG_COMPANY,MORNINGSTAR FARMS,US,,,,
4040550300,"INCOGMEATO NUGGETS                      ",FINISHED_GOODS,MFG_COMPANY,CANADA,CA,,,,
4040550300,"INCOGMEATO NUGGETS                      ",FINISHED_GOODS,MFG_COMPANY,MORNINGSTAR FARMS,US,,,,
4040550301,"INCOGMEATO TENDERS                      ",FINISHED_GOODS,MFG_COMPANY,CANADA,CA,,,,
4040550301,"INCOGMEATO TENDERS                      ",FINISHED_GOODS,MFG_COMPANY,MORNINGSTAR FARMS,US,,,,
4040600302,"INCOGMEATO SAUSAGE                      ",FINISHED_GOODS,MFG_COMPANY,CANADA,CA,,,,
4040600302,"INCOGMEATO SAUSAGE                      ",FINISHED_GOODS,MFG_COMPANY,MORNINGSTAR FARMS,US,,,,
4040650305,INCOGMEATO FROZEN BREAKFAST,FINISHED_GOODS,MFG_COMPANY,CANADA,CA,,,,
4040650305,INCOGMEATO FROZEN BREAKFAST,FINISHED_GOODS,MFG_COMPANY,MORNINGSTAR FARMS,US,,,,
4040700306,INCOGMEATO FRESH BREAKFAST,FINISHED_GOODS,MFG_COMPANY,CANADA,CA,,,,
4040700306,INCOGMEATO FRESH BREAKFAST,FINISHED_GOODS,MFG_COMPANY,MORNINGSTAR FARMS,US,,,,
