T179_PRODH_BRAND,T179T_VTEXT_BRAND_DESC,COUNTRY,CLASS_TYPE,CHAR_NAME_ALT_MKT_SEG,CHAR_VALUE_ALT_MKT_SEG,CHAR_NAME_ALT_CATEGORY,CHAR_VALUE_ALT_CATEGORY,CHAR_NAME_ALT_SUBCAT,CHAR_VALUE_ALT_SUBCAT
1010100320,RX GRANOLA,CA,ALT_PROD_HIERARCHY,ALT_MARKET_SEG,PWS,ALT_CATEGORY,COLD CEREAL,ALT_SUB_CATEGORY,NAT ORG COLD CEREAL
1010100322,MOUTH OFF,CA,ALT_PROD_HIERARCHY,ALT_MARKET_SEG,CEREAL,ALT_CATEGORY,COLD CEREAL,ALT_SUB_CATEGORY,COLD CEREAL
2010100052,POP-TARTS,CA,ALT_PROD_HIERARCHY,ALT_MARKET_SEG,CONVENIENCE,ALT_CATEGORY,TOASTER PASTRIES,ALT_SUB_CATEGORY,TOASTER PASTRIES
2010100053,POP-TARTS MINI CRISPS,CA,ALT_PROD_HIERARCHY,ALT_MARKET_SEG,CONVENIENCE,ALT_CATEGORY,TOASTER PASTRIES,ALT_SUB_CATEGORY,TOASTER PASTRIES
2010100054,POP-TARTS RAINBOW PALLETS,CA,ALT_PROD_HIERARCHY,ALT_MARKET_SEG,CONVENIENCE,ALT_CATEGORY,TOASTER PASTRIES,ALT_SUB_CATEGORY,TOASTER PASTRIES
2010999999,TOASTER PASTRIES PRODUCT RESERVE,CA,ALT_PROD_HIERARCHY,ALT_MARKET_SEG,CONVENIENCE,ALT_CATEGORY,TOASTER PASTRIES,ALT_SUB_CATEGORY,TOASTER PASTRIES PRODUCT RES
2020100055,ANIMAL CRACKERS COOKIES,CA,ALT_PROD_HIERARCHY,ALT_MARKET_SEG,CONVENIENCE,ALT_CATEGORY,COOKIES,ALT_SUB_CATEGORY,ALL OTHER COOKIES
2020100253,RKT CRACKLE SNAP OTG,CA,ALT_PROD_HIERARCHY,ALT_MARKET_SEG,CONVENIENCE,ALT_CATEGORY,COOKIES,ALT_SUB_CATEGORY,OTG COOKIES
2020200087,CONES,CA,ALT_PROD_HIERARCHY,ALT_MARKET_SEG,CONVENIENCE,ALT_CATEGORY,COOKIES,ALT_SUB_CATEGORY,ALL OTHER COOKIES
2020999999,COOKIES PRODUCT RESERVE,CA,ALT_PROD_HIERARCHY,ALT_MARKET_SEG,CONVENIENCE,ALT_CATEGORY,COOKIES,ALT_SUB_CATEGORY,COOKIES PRODUCT RESERVE
2030100088,ALL BRAN CRACKERS,CA,ALT_PROD_HIERARCHY,ALT_MARKET_SEG,CRACKERS,ALT_CATEGORY,CRACKERS,ALT_SUB_CATEGORY,ALL OTHER CRACKERS
2030100089,AUSTIN CRACKERS OTG,CA,ALT_PROD_HIERARCHY,ALT_MARKET_SEG,CRACKERS,ALT_CATEGORY,CRACKERS,ALT_SUB_CATEGORY,OTG CRACKERS
2030100090,BLUE GINGER,CA,ALT_PROD_HIERARCHY,ALT_MARKET_SEG,CRACKERS,ALT_CATEGORY,CRACKERS,ALT_SUB_CATEGORY,ALL OTHER CRACKERS
2030100091,CADDIES CHEEZ-IT OTG,CA,ALT_PROD_HIERARCHY,ALT_MARKET_SEG,CRACKERS,ALT_CATEGORY,CRACKERS,ALT_SUB_CATEGORY,OTG CRACKERS
2030100092,CARR'S CRACKERS,CA,ALT_PROD_HIERARCHY,ALT_MARKET_SEG,CRACKERS,ALT_CATEGORY,CRACKERS,ALT_SUB_CATEGORY,ALL OTHER CRACKERS
2030100093,CHEEZ-IT,CA,ALT_PROD_HIERARCHY,ALT_MARKET_SEG,CRACKERS,ALT_CATEGORY,CRACKERS,ALT_SUB_CATEGORY,CHEEZ-IT
2030100094,CLUB CRACKERS,CA,ALT_PROD_HIERARCHY,ALT_MARKET_SEG,CRACKERS,ALT_CATEGORY,CRACKERS,ALT_SUB_CATEGORY,CLUB CRACKERS
2030100095,GRAHAMS,CA,ALT_PROD_HIERARCHY,ALT_MARKET_SEG,CONVENIENCE,ALT_CATEGORY,CRACKERS,ALT_SUB_CATEGORY,ALL OTHER CRACKERS
2030100096,GRIPZ CRACKERS OTG,CA,ALT_PROD_HIERARCHY,ALT_MARKET_SEG,CRACKERS,ALT_CATEGORY,CRACKERS,ALT_SUB_CATEGORY,OTG CRACKERS
2030100097,KASHI HEART TO HEART CRACKERS,CA,ALT_PROD_HIERARCHY,ALT_MARKET_SEG,CRACKERS,ALT_CATEGORY,CRACKERS,ALT_SUB_CATEGORY,ALL OTHER CRACKERS
2030100098,KELLOGG CRACKER BRAND,CA,ALT_PROD_HIERARCHY,ALT_MARKET_SEG,CRACKERS,ALT_CATEGORY,CRACKERS,ALT_SUB_CATEGORY,ALL OTHER CRACKERS
2030100099,KLG CRACKER PACKS OTG,CA,ALT_PROD_HIERARCHY,ALT_MARKET_SEG,CRACKERS,ALT_CATEGORY,CRACKERS,ALT_SUB_CATEGORY,OTG CRACKERS
2030100100,KLG LICENSED CRACKERS,CA,ALT_PROD_HIERARCHY,ALT_MARKET_SEG,CRACKERS,ALT_CATEGORY,CRACKERS,ALT_SUB_CATEGORY,ALL OTHER CRACKERS
2030100101,KLG LICENSED CRACKERS OTG,CA,ALT_PROD_HIERARCHY,ALT_MARKET_SEG,CRACKERS,ALT_CATEGORY,CRACKERS,ALT_SUB_CATEGORY,OTG CRACKERS
2030100102,KRISPY,CA,ALT_PROD_HIERARCHY,ALT_MARKET_SEG,CRACKERS,ALT_CATEGORY,CRACKERS,ALT_SUB_CATEGORY,ALL OTHER CRACKERS
2030100103,PRIVATE LABEL CRACKERS,CA,ALT_PROD_HIERARCHY,ALT_MARKET_SEG,CRACKERS,ALT_CATEGORY,CRACKERS,ALT_SUB_CATEGORY,ALL OTHER CRACKERS
2030100104,RIGHT BITES CHEEZ-IT OTG,CA,ALT_PROD_HIERARCHY,ALT_MARKET_SEG,CRACKERS,ALT_CATEGORY,CRACKERS,ALT_SUB_CATEGORY,OTG CRACKERS
2030100105,SPECIAL K CRACKERS,CA,ALT_PROD_HIERARCHY,ALT_MARKET_SEG,CRACKERS,ALT_CATEGORY,CRACKERS,ALT_SUB_CATEGORY,SPECIAL K CRACKERS
2030100106,SPECIAL K CRACKERS OTG,CA,ALT_PROD_HIERARCHY,ALT_MARKET_SEG,CRACKERS,ALT_CATEGORY,CRACKERS,ALT_SUB_CATEGORY,OTG CRACKERS
2030100107,SUNSHINE CRACKERS OTHER,CA,ALT_PROD_HIERARCHY,ALT_MARKET_SEG,CRACKERS,ALT_CATEGORY,CRACKERS,ALT_SUB_CATEGORY,ALL OTHER CRACKERS
2030100108,KASHI CRACKERS,CA,ALT_PROD_HIERARCHY,ALT_MARKET_SEG,CRACKERS,ALT_CATEGORY,CRACKERS,ALT_SUB_CATEGORY,ALL OTHER CRACKERS
2030100109,KASHI CRACKERS OTG,CA,ALT_PROD_HIERARCHY,ALT_MARKET_SEG,CRACKERS,ALT_CATEGORY,CRACKERS,ALT_SUB_CATEGORY,OTG CRACKERS
2030100110,TOASTED,CA,ALT_PROD_HIERARCHY,ALT_MARKET_SEG,CRACKERS,ALT_CATEGORY,CRACKERS,ALT_SUB_CATEGORY,ALL OTHER CRACKERS
2030100111,TOWN HOUSE,CA,ALT_PROD_HIERARCHY,ALT_MARKET_SEG,CRACKERS,ALT_CATEGORY,CRACKERS,ALT_SUB_CATEGORY,TOWN HOUSE
2030100112,MIXED CRACKER BRANDS,CA,ALT_PROD_HIERARCHY,ALT_MARKET_SEG,CRACKERS,ALT_CATEGORY,CRACKERS,ALT_SUB_CATEGORY,ALL OTHER CRACKERS
2030100113,WHEATABLES,CA,ALT_PROD_HIERARCHY,ALT_MARKET_SEG,CRACKERS,ALT_CATEGORY,CRACKERS,ALT_SUB_CATEGORY,ALL OTHER CRACKERS
2030100114,ZESTA SALTINES,CA,ALT_PROD_HIERARCHY,ALT_MARKET_SEG,CRACKERS,ALT_CATEGORY,CRACKERS,ALT_SUB_CATEGORY,ALL OTHER CRACKERS
2030100115,OTHER CRACKERS,CA,ALT_PROD_HIERARCHY,ALT_MARKET_SEG,CRACKERS,ALT_CATEGORY,CRACKERS,ALT_SUB_CATEGORY,ALL OTHER CRACKERS
2030100189,BEANATURAL,CA,ALT_PROD_HIERARCHY,ALT_MARKET_SEG,CRACKERS,ALT_CATEGORY,CRACKERS,ALT_SUB_CATEGORY,ALL OTHER CRACKERS
2030100190,KASHI PITA CRACKERS,CA,ALT_PROD_HIERARCHY,ALT_MARKET_SEG,CRACKERS,ALT_CATEGORY,CRACKERS,ALT_SUB_CATEGORY,ALL OTHER CRACKERS
2030100209,CADDIES MIXED CRACKERS OTG,CA,ALT_PROD_HIERARCHY,ALT_MARKET_SEG,CRACKERS,ALT_CATEGORY,CRACKERS,ALT_SUB_CATEGORY,OTG CRACKERS
2030100212,AUSTIN CRACKERS,CA,ALT_PROD_HIERARCHY,ALT_MARKET_SEG,CRACKERS,ALT_CATEGORY,CRACKERS,ALT_SUB_CATEGORY,ALL OTHER CRACKERS
2030100236,BEAR NAKED CRACKERS,CA,ALT_PROD_HIERARCHY,ALT_MARKET_SEG,CRACKERS,ALT_CATEGORY,CRACKERS,ALT_SUB_CATEGORY,ALL OTHER CRACKERS
2030100238,KASHI CRISP CRACKERS,CA,ALT_PROD_HIERARCHY,ALT_MARKET_SEG,CRACKERS,ALT_CATEGORY,CRACKERS,ALT_SUB_CATEGORY,ALL OTHER CRACKERS
2030100270,CHEEZ-IT SANDWICH CRACKERS,CA,ALT_PROD_HIERARCHY,ALT_MARKET_SEG,CRACKERS,ALT_CATEGORY,CRACKERS,ALT_SUB_CATEGORY,CHEEZ-IT
2030100319,PURE CRACKERS,CA,ALT_PROD_HIERARCHY,ALT_MARKET_SEG,CRACKERS,ALT_CATEGORY,CRACKERS,ALT_SUB_CATEGORY,ALL OTHER CRACKERS
2030100323,CLUB CRACKERS OTG,CA,ALT_PROD_HIERARCHY,ALT_MARKET_SEG,SALTY SNACKS,ALT_CATEGORY,SALTY SNACKS,ALT_SUB_CATEGORY,OTHER SALTY SNACKS
2030200325,KELLOGG GRAHAM CRUMBS,CA,ALT_PROD_HIERARCHY,ALT_MARKET_SEG,CRACKERS,ALT_CATEGORY,CRACKERS,ALT_SUB_CATEGORY,CRUMBS
2030999999,CRACKERS PRODUCT RESERVE,CA,ALT_PROD_HIERARCHY,ALT_MARKET_SEG,CRACKERS,ALT_CATEGORY,CRACKERS,ALT_SUB_CATEGORY,CRACKERS PRODUCT RESERVE
2035100221,PRINGLES CRISPS,CA,ALT_PROD_HIERARCHY,ALT_MARKET_SEG,SALTY SNACKS,ALT_CATEGORY,SALTY SNACKS,ALT_SUB_CATEGORY,PRINGLES CRISPS
2035100222,PRINGLES CRISPS SNACK STACKS,CA,ALT_PROD_HIERARCHY,ALT_MARKET_SEG,SALTY SNACKS,ALT_CATEGORY,SALTY SNACKS,ALT_SUB_CATEGORY,PRINGLES SNACK STACKS
2035100277,PRINGLES WAVY,CA,ALT_PROD_HIERARCHY,ALT_MARKET_SEG,SALTY SNACKS,ALT_CATEGORY,SALTY SNACKS,ALT_SUB_CATEGORY,PRINGLES CRISPS
2035100321,PRINGLES HARVEST BLENDS,CA,ALT_PROD_HIERARCHY,ALT_MARKET_SEG,SALTY SNACKS,ALT_CATEGORY,SALTY SNACKS,ALT_SUB_CATEGORY,PRINGLES CRISPS
2035100324,PRINGLES MINGLES,CA,ALT_PROD_HIERARCHY,ALT_MARKET_SEG,SALTY SNACKS,ALT_CATEGORY,SALTY SNACKS,ALT_SUB_CATEGORY,PRINGLES MINGLES
2035150249,PRINGLES TORTILLAS,CA,ALT_PROD_HIERARCHY,ALT_MARKET_SEG,SALTY SNACKS,ALT_CATEGORY,SALTY SNACKS,ALT_SUB_CATEGORY,TORTILLA
2035150271,PRINGLES LOUD,CA,ALT_PROD_HIERARCHY,ALT_MARKET_SEG,SALTY SNACKS,ALT_CATEGORY,SALTY SNACKS,ALT_SUB_CATEGORY,PRINGLES CRISPS
2035200223,PRINGLES STIX,CA,ALT_PROD_HIERARCHY,ALT_MARKET_SEG,SALTY SNACKS,ALT_CATEGORY,SALTY SNACKS,ALT_SUB_CATEGORY,STIX
2035200224,OTHER SALTY SNACKS,CA,ALT_PROD_HIERARCHY,ALT_MARKET_SEG,SALTY SNACKS,ALT_CATEGORY,SALTY SNACKS,ALT_SUB_CATEGORY,ALL OTHER SALTY
2035200242,KASHI SALTY SNACKS CRISPS,CA,ALT_PROD_HIERARCHY,ALT_MARKET_SEG,CRACKERS,ALT_CATEGORY,SALTY SNACKS,ALT_SUB_CATEGORY,KASHI SALTY
2035200250,CHEEZ-IT SALTY SNACKS,CA,ALT_PROD_HIERARCHY,ALT_MARKET_SEG,SALTY SNACKS,ALT_CATEGORY,SALTY SNACKS,ALT_SUB_CATEGORY,OTHER SALTY SNACKS
2035200252,EAGLE SALTY SNACKS CRISPS,CA,ALT_PROD_HIERARCHY,ALT_MARKET_SEG,SALTY SNACKS,ALT_CATEGORY,SALTY SNACKS,ALT_SUB_CATEGORY,ALL OTHER SALTY
2035200317,PRINGLES PUFFS,CA,ALT_PROD_HIERARCHY,ALT_MARKET_SEG,SALTY SNACKS,ALT_CATEGORY,SALTY SNACKS,ALT_SUB_CATEGORY,PRINGLES PUFFS
2035999999,SALTY SNACKS PRODUCT RESERVE,CA,ALT_PROD_HIERARCHY,ALT_MARKET_SEG,SALTY SNACKS,ALT_CATEGORY,SALTY SNACKS,ALT_SUB_CATEGORY,SALTY SNACKS PRODUCT RESERVE
2040200268,PURE FRUIT STRIPS,CA,ALT_PROD_HIERARCHY,ALT_MARKET_SEG,CONVENIENCE,ALT_CATEGORY,FRUIT SNACKS,ALT_SUB_CATEGORY,PURE FFS
2040200269,PURE LAYERED FRUIT BARS,CA,ALT_PROD_HIERARCHY,ALT_MARKET_SEG,CONVENIENCE,ALT_CATEGORY,FRUIT SNACKS,ALT_SUB_CATEGORY,PURE FFS
2040999999,FRUIT SNACKS PRODUCT RESERVE,CA,ALT_PROD_HIERARCHY,ALT_MARKET_SEG,CONVENIENCE,ALT_CATEGORY,FRUIT SNACKS,ALT_SUB_CATEGORY,FRUIT SNACKS PRODUCT RESERVE
2050100126,ALL BRAN CEREAL BARS,CA,ALT_PROD_HIERARCHY,ALT_MARKET_SEG,CONVENIENCE,ALT_CATEGORY,BARS,ALT_SUB_CATEGORY,ALL OTHER WS
2050100127,CEREAL BREAKFAST BAR,CA,ALT_PROD_HIERARCHY,ALT_MARKET_SEG,CONVENIENCE,ALT_CATEGORY,BARS,ALT_SUB_CATEGORY,ALL OTHER WS
2050100128,CINNABON BARS,CA,ALT_PROD_HIERARCHY,ALT_MARKET_SEG,CONVENIENCE,ALT_CATEGORY,BARS,ALT_SUB_CATEGORY,ALL OTHER WS
2050100129,NUTRI-GRAIN CEREAL BARS,CA,ALT_PROD_HIERARCHY,ALT_MARKET_SEG,CONVENIENCE,ALT_CATEGORY,BARS,ALT_SUB_CATEGORY,NUTRI-GRAIN
2050100130,SPECIAL K CEREAL BARS,CA,ALT_PROD_HIERARCHY,ALT_MARKET_SEG,CONVENIENCE,ALT_CATEGORY,BARS,ALT_SUB_CATEGORY,SPECIAL K WS
2050100131,KASHI CEREAL BARS,CA,ALT_PROD_HIERARCHY,ALT_MARKET_SEG,CONVENIENCE,ALT_CATEGORY,BARS,ALT_SUB_CATEGORY,KASHI WS
2050100194,BE NATURAL BARS,CA,ALT_PROD_HIERARCHY,ALT_MARKET_SEG,CONVENIENCE,ALT_CATEGORY,BARS,ALT_SUB_CATEGORY,ALL OTHER WS
2050100204,KASHI SOFT N CHEWY BARS,CA,ALT_PROD_HIERARCHY,ALT_MARKET_SEG,CONVENIENCE,ALT_CATEGORY,BARS,ALT_SUB_CATEGORY,KASHI WS
2050100289,KASHI BITES,CA,ALT_PROD_HIERARCHY,ALT_MARKET_SEG,CONVENIENCE,ALT_CATEGORY,BARS,ALT_SUB_CATEGORY,KASHI WS
2050200132,KASHI LAYERED BARS,CA,ALT_PROD_HIERARCHY,ALT_MARKET_SEG,CONVENIENCE,ALT_CATEGORY,BARS,ALT_SUB_CATEGORY,KASHI WS
2050200133,BEAR NAKED BARS,CA,ALT_PROD_HIERARCHY,ALT_MARKET_SEG,CONVENIENCE,ALT_CATEGORY,BARS,ALT_SUB_CATEGORY,ALL OTHER WS
2050200134,FIBER PLUS BARS,CA,ALT_PROD_HIERARCHY,ALT_MARKET_SEG,CONVENIENCE,ALT_CATEGORY,BARS,ALT_SUB_CATEGORY,FIBER PLUS
2050200135,SWEET & SALTY BARS,CA,ALT_PROD_HIERARCHY,ALT_MARKET_SEG,CONVENIENCE,ALT_CATEGORY,BARS,ALT_SUB_CATEGORY,ALL OTHER WS
2050200136,KASHI CHEWY BARS,CA,ALT_PROD_HIERARCHY,ALT_MARKET_SEG,CONVENIENCE,ALT_CATEGORY,BARS,ALT_SUB_CATEGORY,KASHI WS
2050200195,KASHI CRUNCHY BARS,CA,ALT_PROD_HIERARCHY,ALT_MARKET_SEG,CONVENIENCE,ALT_CATEGORY,BARS,ALT_SUB_CATEGORY,KASHI WS
2050200196,KEEBLER GRANOLA BARS,CA,ALT_PROD_HIERARCHY,ALT_MARKET_SEG,CONVENIENCE,ALT_CATEGORY,BARS,ALT_SUB_CATEGORY,ALL OTHER WS
2050200197,KELLOGG GRANOLA MUNCH'EMS,CA,ALT_PROD_HIERARCHY,ALT_MARKET_SEG,CONVENIENCE,ALT_CATEGORY,BARS,ALT_SUB_CATEGORY,ALL OTHER WS
2050200207,KASHI MIXED BRANDS,CA,ALT_PROD_HIERARCHY,ALT_MARKET_SEG,CONVENIENCE,ALT_CATEGORY,BARS,ALT_SUB_CATEGORY,KASHI WS
2050200210,SPECIAL K GRANOLA BARS,CA,ALT_PROD_HIERARCHY,ALT_MARKET_SEG,CONVENIENCE,ALT_CATEGORY,BARS,ALT_SUB_CATEGORY,SPECIAL K WS
2050200227,GIRL SCOUT GRANOLA BAR,CA,ALT_PROD_HIERARCHY,ALT_MARKET_SEG,CONVENIENCE,ALT_CATEGORY,BARS,ALT_SUB_CATEGORY,ALL OTHER WS
2050200232,NUTRI-GRAIN GRANOLA BARS,CA,ALT_PROD_HIERARCHY,ALT_MARKET_SEG,CONVENIENCE,ALT_CATEGORY,BARS,ALT_SUB_CATEGORY,NUTRI-GRAIN
2050200258,KASHI ORGANIC CHEWY BARS,CA,ALT_PROD_HIERARCHY,ALT_MARKET_SEG,CONVENIENCE,ALT_CATEGORY,BARS,ALT_SUB_CATEGORY,KASHI WS
2050300137,RKT SQUARES,CA,ALT_PROD_HIERARCHY,ALT_MARKET_SEG,CONVENIENCE,ALT_CATEGORY,BARS,ALT_SUB_CATEGORY,RK TREATS
2050300138,RKT CRUNCH MIX,CA,ALT_PROD_HIERARCHY,ALT_MARKET_SEG,CONVENIENCE,ALT_CATEGORY,BARS,ALT_SUB_CATEGORY,RK TREATS
2050300216,KASHI SOFT BAKED SQUARES,CA,ALT_PROD_HIERARCHY,ALT_MARKET_SEG,CONVENIENCE,ALT_CATEGORY,BARS,ALT_SUB_CATEGORY,KASHI WS
2050300254,KRAVE TREAT BARS,CA,ALT_PROD_HIERARCHY,ALT_MARKET_SEG,CONVENIENCE,ALT_CATEGORY,BARS,ALT_SUB_CATEGORY,ALL OTHER WS
2050300263,PURE ANCIENT GRAINS BAR,CA,ALT_PROD_HIERARCHY,ALT_MARKET_SEG,CONVENIENCE,ALT_CATEGORY,BARS,ALT_SUB_CATEGORY,ALL OTHER WS
2050300264,PURE 100 CAL BAR,CA,ALT_PROD_HIERARCHY,ALT_MARKET_SEG,CONVENIENCE,ALT_CATEGORY,BARS,ALT_SUB_CATEGORY,ALL OTHER WS
2050300283,RKT POPPERS,CA,ALT_PROD_HIERARCHY,ALT_MARKET_SEG,CONVENIENCE,ALT_CATEGORY,BARS,ALT_SUB_CATEGORY,RK TREATS
2050400139,ALL BRAN FIBER BARS,CA,ALT_PROD_HIERARCHY,ALT_MARKET_SEG,CONVENIENCE,ALT_CATEGORY,BARS,ALT_SUB_CATEGORY,HEALTH & WELLNESS BARS
2050400140,SPECIAL K PROTEIN BARS,CA,ALT_PROD_HIERARCHY,ALT_MARKET_SEG,CONVENIENCE,ALT_CATEGORY,BARS,ALT_SUB_CATEGORY,HEALTH & WELLNESS BARS
2050400141,LIVE BRIGHT,CA,ALT_PROD_HIERARCHY,ALT_MARKET_SEG,CONVENIENCE,ALT_CATEGORY,BARS,ALT_SUB_CATEGORY,HEALTH & WELLNESS BARS
2050400142,KASHI GOLEAN BARS,CA,ALT_PROD_HIERARCHY,ALT_MARKET_SEG,CONVENIENCE,ALT_CATEGORY,BARS,ALT_SUB_CATEGORY,HEALTH & WELLNESS BARS
2050400208,SPK MIXED H & W BRANDS,CA,ALT_PROD_HIERARCHY,ALT_MARKET_SEG,CONVENIENCE,ALT_CATEGORY,BARS,ALT_SUB_CATEGORY,HEALTH & WELLNESS BARS
2050400233,SPECIAL K NOURISH BARS,CA,ALT_PROD_HIERARCHY,ALT_MARKET_SEG,CONVENIENCE,ALT_CATEGORY,BARS,ALT_SUB_CATEGORY,HEALTH & WELLNESS BARS
2050400234,BEAR NAKED H&W BARS,CA,ALT_PROD_HIERARCHY,ALT_MARKET_SEG,CONVENIENCE,ALT_CATEGORY,BARS,ALT_SUB_CATEGORY,HEALTH & WELLNESS BARS
2050400235,KASHI JOI,CA,ALT_PROD_HIERARCHY,ALT_MARKET_SEG,CONVENIENCE,ALT_CATEGORY,BARS,ALT_SUB_CATEGORY,HEALTH & WELLNESS BARS
2050400265,PURE FRUIT & NUT BAR,CA,ALT_PROD_HIERARCHY,ALT_MARKET_SEG,CONVENIENCE,ALT_CATEGORY,BARS,ALT_SUB_CATEGORY,HEALTH & WELLNESS BARS
2050400266,PURE VEGGIE PROTEIN BAR,CA,ALT_PROD_HIERARCHY,ALT_MARKET_SEG,CONVENIENCE,ALT_CATEGORY,BARS,ALT_SUB_CATEGORY,HEALTH & WELLNESS BARS
2050400275,KASHI H&W BARS,CA,ALT_PROD_HIERARCHY,ALT_MARKET_SEG,CONVENIENCE,ALT_CATEGORY,BARS,ALT_SUB_CATEGORY,HEALTH & WELLNESS BARS
2050400278,HAPPY INSIDE BARS,CA,ALT_PROD_HIERARCHY,ALT_MARKET_SEG,CEREAL,ALT_CATEGORY,BARS,ALT_SUB_CATEGORY,HEALTH & WELLNESS BARS
2050400279,HAPPY INSIDE MIX,CA,ALT_PROD_HIERARCHY,ALT_MARKET_SEG,CEREAL,ALT_CATEGORY,BARS,ALT_SUB_CATEGORY,ALL OTHER WS
2050400280,WK RESERVE,CA,ALT_PROD_HIERARCHY,ALT_MARKET_SEG,CONVENIENCE,ALT_CATEGORY,BARS,ALT_SUB_CATEGORY,ALL OTHER WS
2050400285,KASHI PROTEIN BARS,CA,ALT_PROD_HIERARCHY,ALT_MARKET_SEG,CONVENIENCE,ALT_CATEGORY,BARS,ALT_SUB_CATEGORY,HEALTH & WELLNESS BARS
2050409999,H & W BARS PRODUCT RESERVE,CA,ALT_PROD_HIERARCHY,ALT_MARKET_SEG,CONVENIENCE,ALT_CATEGORY,BARS,ALT_SUB_CATEGORY,HEALTH & WELLNESS BARS RESERVE
2050500143,VECTOR BARS,CA,ALT_PROD_HIERARCHY,ALT_MARKET_SEG,CONVENIENCE,ALT_CATEGORY,BARS,ALT_SUB_CATEGORY,ALL OTHER WS
2050500206,MIXED WS BRANDS,CA,ALT_PROD_HIERARCHY,ALT_MARKET_SEG,CONVENIENCE,ALT_CATEGORY,BARS,ALT_SUB_CATEGORY,ALL OTHER WS
2050500255,OTHER NEW BARS,CA,ALT_PROD_HIERARCHY,ALT_MARKET_SEG,CONVENIENCE,ALT_CATEGORY,BARS,ALT_SUB_CATEGORY,ALL OTHER WS
2050600309,RXBAR,CA,ALT_PROD_HIERARCHY,ALT_MARKET_SEG,CONVENIENCE,ALT_CATEGORY,BARS,ALT_SUB_CATEGORY,PROTEIN BARS
2050600310,RXBAR MINIS,CA,ALT_PROD_HIERARCHY,ALT_MARKET_SEG,CONVENIENCE,ALT_CATEGORY,BARS,ALT_SUB_CATEGORY,PROTEIN BARS
2050600311,RXBAR LAYERS,CA,ALT_PROD_HIERARCHY,ALT_MARKET_SEG,CONVENIENCE,ALT_CATEGORY,BARS,ALT_SUB_CATEGORY,PROTEIN BARS
2050600314,RXBAR KIDS,CA,ALT_PROD_HIERARCHY,ALT_MARKET_SEG,CONVENIENCE,ALT_CATEGORY,BARS,ALT_SUB_CATEGORY,PROTEIN BARS
2050600316,RXBAR PLANT-BASED,CA,ALT_PROD_HIERARCHY,ALT_MARKET_SEG,CONVENIENCE,ALT_CATEGORY,BARS,ALT_SUB_CATEGORY,PROTEIN BARS
2050999999,BARS PRODUCT RESERVE,CA,ALT_PROD_HIERARCHY,ALT_MARKET_SEG,CONVENIENCE,ALT_CATEGORY,BARS,ALT_SUB_CATEGORY,BARS PRODUCT RESERVE
2060100230,SPECIAL K BREAKFAST SHAKE,CA,ALT_PROD_HIERARCHY,ALT_MARKET_SEG,BEVERAGES,ALT_CATEGORY,DRINKABLE BREAKFAST,ALT_SUB_CATEGORY,DRINKABLE BREAKFAST
2060100231,KELLOGG BREAKFAST TG SHAKE,CA,ALT_PROD_HIERARCHY,ALT_MARKET_SEG,BEVERAGES,ALT_CATEGORY,DRINKABLE BREAKFAST,ALT_SUB_CATEGORY,DRINKABLE BREAKFAST
2060100244,VECTOR SHAKES,CA,ALT_PROD_HIERARCHY,ALT_MARKET_SEG,BEVERAGES,ALT_CATEGORY,H&W BEVERAGES,ALT_SUB_CATEGORY,H&W BEVERAGES
2060100246,ALL BRAN SHAKES,CA,ALT_PROD_HIERARCHY,ALT_MARKET_SEG,BEVERAGES,ALT_CATEGORY,DRINKABLE BREAKFAST,ALT_SUB_CATEGORY,DRINKABLE BREAKFAST
2060200145,SPECIAL K POWDERS,CA,ALT_PROD_HIERARCHY,ALT_MARKET_SEG,BEVERAGES,ALT_CATEGORY,H&W BEVERAGES,ALT_SUB_CATEGORY,H&W BEVERAGES
2060200146,ALL BRAN FIBER POWDER,CA,ALT_PROD_HIERARCHY,ALT_MARKET_SEG,BEVERAGES,ALT_CATEGORY,H&W BEVERAGES,ALT_SUB_CATEGORY,H&W BEVERAGES
2060200147,KASHI GOLEAN POWDERS,CA,ALT_PROD_HIERARCHY,ALT_MARKET_SEG,BEVERAGES,ALT_CATEGORY,H&W BEVERAGES,ALT_SUB_CATEGORY,H&W BEVERAGES
2060200148,MSF ORGANIC-KAFFREE ROMA,CA,ALT_PROD_HIERARCHY,ALT_MARKET_SEG,BEVERAGES,ALT_CATEGORY,H&W BEVERAGES,ALT_SUB_CATEGORY,H&W BEVERAGES
2060200243,KELLOGG BREAKFAST TG POWDER,CA,ALT_PROD_HIERARCHY,ALT_MARKET_SEG,BEVERAGES,ALT_CATEGORY,DRINKABLE BREAKFAST,ALT_SUB_CATEGORY,DRINKABLE BREAKFAST
2060200273,DO NOT USE,CA,ALT_PROD_HIERARCHY,ALT_MARKET_SEG,BEVERAGES,ALT_CATEGORY,DRINKABLE BREAKFAST,ALT_SUB_CATEGORY,DRINKABLE BREAKFAST
2060999999,BEVERAGES PRODUCT RESERVE,CA,ALT_PROD_HIERARCHY,ALT_MARKET_SEG,BEVERAGES,ALT_CATEGORY,H&W BEVERAGES,ALT_SUB_CATEGORY,H&W BEVERAGES RESERVE
2070100149,KEEBLER CRUSTS,CA,ALT_PROD_HIERARCHY,ALT_MARKET_SEG,CONVENIENCE,ALT_CATEGORY,INGREDIENTS,ALT_SUB_CATEGORY,CRUSTS
2070100150,PRIVATE LABEL CRUSTS,CA,ALT_PROD_HIERARCHY,ALT_MARKET_SEG,CONVENIENCE,ALT_CATEGORY,INGREDIENTS,ALT_SUB_CATEGORY,CRUSTS
2070200151,KELLOGG'S CROUTETTES STUFFING MIX,CA,ALT_PROD_HIERARCHY,ALT_MARKET_SEG,CONVENIENCE,ALT_CATEGORY,INGREDIENTS,ALT_SUB_CATEGORY,CROUTETTES
2070300152,KELLOGG GRAHAM CRACKER CRUMBS,CA,ALT_PROD_HIERARCHY,ALT_MARKET_SEG,CONVENIENCE,ALT_CATEGORY,INGREDIENTS,ALT_SUB_CATEGORY,CRUMBS
2070400154,EGGO SYRUP,CA,ALT_PROD_HIERARCHY,ALT_MARKET_SEG,CONVENIENCE,ALT_CATEGORY,INGREDIENTS,ALT_SUB_CATEGORY,SYRUP
2070999999,INGREDIENTS PRODUCT RESERVE,CA,ALT_PROD_HIERARCHY,ALT_MARKET_SEG,CONVENIENCE,ALT_CATEGORY,INGREDIENTS,ALT_SUB_CATEGORY,INGREDIENTS PRODUCT RESERVE
2080100155,BEAR NAKED TRAIL MIX,CA,ALT_PROD_HIERARCHY,ALT_MARKET_SEG,CONVENIENCE,ALT_CATEGORY,OTHER CONVENIENCE,ALT_SUB_CATEGORY,BEAR NAKED TRAIL MIX
2080100267,PURE CLUSTERS,CA,ALT_PROD_HIERARCHY,ALT_MARKET_SEG,CONVENIENCE,ALT_CATEGORY,OTHER CONVENIENCE,ALT_SUB_CATEGORY,PURE CLUSTERS
2080100286,BEAR NAKED BARK,CA,ALT_PROD_HIERARCHY,ALT_MARKET_SEG,CONVENIENCE,ALT_CATEGORY,OTHER CONVENIENCE,ALT_SUB_CATEGORY,BEAR NAKED TRAIL MIX
2080200203,KASHI HERITAGE SIDES,CA,ALT_PROD_HIERARCHY,ALT_MARKET_SEG,VEGGIE,ALT_CATEGORY,OTHER CONVENIENCE,ALT_SUB_CATEGORY,PILAF
2080300261,CROSS CATEGORY SNACK BOX,CA,ALT_PROD_HIERARCHY,ALT_MARKET_SEG,CONVENIENCE,ALT_CATEGORY,OTHER CONVENIENCE,ALT_SUB_CATEGORY,OTHER CONVENIENCE PRODUCT
2080300297,LEAF JERKY,CA,ALT_PROD_HIERARCHY,ALT_MARKET_SEG,,ALT_CATEGORY,,ALT_SUB_CATEGORY,
2080400312,RXBAR NUT BUTTERS,CA,ALT_PROD_HIERARCHY,ALT_MARKET_SEG,CONVENIENCE,ALT_CATEGORY,OTHER CONVENIENCE,ALT_SUB_CATEGORY,BUTTER ALTERNATIVES
2080999999,OTHER CONVENIENCE PRODUCT RESERVE,CA,ALT_PROD_HIERARCHY,ALT_MARKET_SEG,CONVENIENCE,ALT_CATEGORY,OTHER CONVENIENCE,ALT_SUB_CATEGORY,OTHER CONVENIENCE PRODUCT RES
2090100156,GIRL SCOUT AWARDS,CA,ALT_PROD_HIERARCHY,ALT_MARKET_SEG,NON FOOD,ALT_CATEGORY,NON FOOD,ALT_SUB_CATEGORY,NON FOOD PRODUCTS
2090100211,DISPLAYS,CA,ALT_PROD_HIERARCHY,ALT_MARKET_SEG,NON FOOD,ALT_CATEGORY,NON FOOD,ALT_SUB_CATEGORY,NON FOOD PRODUCTS
2090100247,SNACKS MISC LICENSING,CA,ALT_PROD_HIERARCHY,ALT_MARKET_SEG,NON FOOD,ALT_CATEGORY,NON FOOD,ALT_SUB_CATEGORY,NON FOOD PRODUCTS
2090100248,IDEAL VIE,CA,ALT_PROD_HIERARCHY,ALT_MARKET_SEG,NON FOOD,ALT_CATEGORY,NON FOOD,ALT_SUB_CATEGORY,NON FOOD PRODUCTS
4010100157,EGGO WAFFLES,CA,ALT_PROD_HIERARCHY,ALT_MARKET_SEG,FROZEN BREAKFAST,ALT_CATEGORY,SYRUP CARRIERS,ALT_SUB_CATEGORY,WAFFLES
4010100158,KASHI GOLEAN WAFFLES,CA,ALT_PROD_HIERARCHY,ALT_MARKET_SEG,FROZEN BREAKFAST,ALT_CATEGORY,SYRUP CARRIERS,ALT_SUB_CATEGORY,WAFFLES
4010100159,KASHI WAFFLES,CA,ALT_PROD_HIERARCHY,ALT_MARKET_SEG,FROZEN BREAKFAST,ALT_CATEGORY,SYRUP CARRIERS,ALT_SUB_CATEGORY,WAFFLES
4010100160,EGGO SPECIAL K WAFFLES,CA,ALT_PROD_HIERARCHY,ALT_MARKET_SEG,FROZEN BREAKFAST,ALT_CATEGORY,SYRUP CARRIERS,ALT_SUB_CATEGORY,WAFFLES
4010100161,MIXED FROZEN BRANDS,CA,ALT_PROD_HIERARCHY,ALT_MARKET_SEG,FROZEN BREAKFAST,ALT_CATEGORY,SYRUP CARRIERS,ALT_SUB_CATEGORY,WAFFLES
4010100205,EGGO NUTRI-GRAIN WAFFLES,CA,ALT_PROD_HIERARCHY,ALT_MARKET_SEG,FROZEN BREAKFAST,ALT_CATEGORY,SYRUP CARRIERS,ALT_SUB_CATEGORY,WAFFLES
4010100290,OFF THE GRID WAFFLES,CA,ALT_PROD_HIERARCHY,ALT_MARKET_SEG,FROZEN BREAKFAST,ALT_CATEGORY,SYRUP CARRIERS,ALT_SUB_CATEGORY,WAFFLES
4010100303,KELLOGG'S WAFFLES,CA,ALT_PROD_HIERARCHY,ALT_MARKET_SEG,FROZEN BREAKFAST,ALT_CATEGORY,SYRUP CARRIERS,ALT_SUB_CATEGORY,WAFFLES
4010200162,EGGO PANCAKES,CA,ALT_PROD_HIERARCHY,ALT_MARKET_SEG,FROZEN BREAKFAST,ALT_CATEGORY,SYRUP CARRIERS,ALT_SUB_CATEGORY,PANCAKES
4010200163,CINNABON PANCAKES,CA,ALT_PROD_HIERARCHY,ALT_MARKET_SEG,FROZEN BREAKFAST,ALT_CATEGORY,SYRUP CARRIERS,ALT_SUB_CATEGORY,PANCAKES
4010300164,EGGO BAKE SHOP,CA,ALT_PROD_HIERARCHY,ALT_MARKET_SEG,FROZEN BREAKFAST,ALT_CATEGORY,SYRUP CARRIERS,ALT_SUB_CATEGORY,SWEET GOODS
4010300165,EGGO SWEET PIZZA,CA,ALT_PROD_HIERARCHY,ALT_MARKET_SEG,FROZEN BREAKFAST,ALT_CATEGORY,SYRUP CARRIERS,ALT_SUB_CATEGORY,SWEET GOODS
4010300198,EGGO MUFFIN TOPS,CA,ALT_PROD_HIERARCHY,ALT_MARKET_SEG,FROZEN BREAKFAST,ALT_CATEGORY,SYRUP CARRIERS,ALT_SUB_CATEGORY,SWEET GOODS
4010300199,EGGO SWEET GOODS NEW,CA,ALT_PROD_HIERARCHY,ALT_MARKET_SEG,FROZEN BREAKFAST,ALT_CATEGORY,SYRUP CARRIERS,ALT_SUB_CATEGORY,SWEET GOODS
4010300200,SPECIAL K MINI LOAVES,CA,ALT_PROD_HIERARCHY,ALT_MARKET_SEG,FROZEN BREAKFAST,ALT_CATEGORY,SYRUP CARRIERS,ALT_SUB_CATEGORY,SWEET GOODS
4010400166,EGGO SAVORY,CA,ALT_PROD_HIERARCHY,ALT_MARKET_SEG,FROZEN BREAKFAST,ALT_CATEGORY,HANDHELD,ALT_SUB_CATEGORY,HH/ENTREES
4010400218,SPECIAL K BKFST HANDHELD,CA,ALT_PROD_HIERARCHY,ALT_MARKET_SEG,FROZEN BREAKFAST,ALT_CATEGORY,HANDHELD,ALT_SUB_CATEGORY,HH/ENTREES
4010400272,LICENSED FROZEN MEALS,CA,ALT_PROD_HIERARCHY,ALT_MARKET_SEG,FROZEN BREAKFAST,ALT_CATEGORY,HANDHELD,ALT_SUB_CATEGORY,HH/ENTREES
4010400284,FROZEN AM BAKERY,CA,ALT_PROD_HIERARCHY,ALT_MARKET_SEG,FROZEN BREAKFAST,ALT_CATEGORY,HANDHELD,ALT_SUB_CATEGORY,DONUTS
4010500167,EGGO FRENCH TOAST,CA,ALT_PROD_HIERARCHY,ALT_MARKET_SEG,FROZEN BREAKFAST,ALT_CATEGORY,SYRUP CARRIERS,ALT_SUB_CATEGORY,FRENCH TOAST
4010500201,CINNABON FRENCH TOAST,CA,ALT_PROD_HIERARCHY,ALT_MARKET_SEG,FROZEN BREAKFAST,ALT_CATEGORY,SYRUP CARRIERS,ALT_SUB_CATEGORY,FRENCH TOAST
4010600307,EGGO STUFFED,CA,ALT_PROD_HIERARCHY,ALT_MARKET_SEG,FROZEN BREAKFAST,ALT_CATEGORY,SYRUP CARRIERS,ALT_SUB_CATEGORY,FRENCH TOAST
4010999999,FROZEN BREAKFAST PRODUCT RESERVE,CA,ALT_PROD_HIERARCHY,ALT_MARKET_SEG,FROZEN BREAKFAST,ALT_CATEGORY,SYRUP CARRIERS,ALT_SUB_CATEGORY,FROZEN BREAKFAST PRODUCT RES
4020100168,WORTHINGTON FOODS - CANNED,CA,ALT_PROD_HIERARCHY,ALT_MARKET_SEG,VEGGIE,ALT_CATEGORY,VEGGIE,ALT_SUB_CATEGORY,CANNED PRODUCT
4020100169,LOMA LINDA - CANNED,CA,ALT_PROD_HIERARCHY,ALT_MARKET_SEG,VEGGIE,ALT_CATEGORY,VEGGIE,ALT_SUB_CATEGORY,CANNED PRODUCT
4020150170,GB VEGGIE BURGERS,CA,ALT_PROD_HIERARCHY,ALT_MARKET_SEG,VEGGIE,ALT_CATEGORY,VEGGIE,ALT_SUB_CATEGORY,VEGGIE BURGERS
4020150171,MSF VEGGIE BURGERS,CA,ALT_PROD_HIERARCHY,ALT_MARKET_SEG,VEGGIE,ALT_CATEGORY,VEGGIE,ALT_SUB_CATEGORY,VEGGIE BURGERS
4020150291,DO NOT USE - INCOG BURGERS,CA,ALT_PROD_HIERARCHY,ALT_MARKET_SEG,VEGGIE,ALT_CATEGORY,VEGGIE,ALT_SUB_CATEGORY,VEGGIE BURGERS
4020200172,GB POULTRY,CA,ALT_PROD_HIERARCHY,ALT_MARKET_SEG,VEGGIE,ALT_CATEGORY,VEGGIE,ALT_SUB_CATEGORY,POULTRY
4020200173,MSF POULTRY,CA,ALT_PROD_HIERARCHY,ALT_MARKET_SEG,VEGGIE,ALT_CATEGORY,VEGGIE,ALT_SUB_CATEGORY,POULTRY
4020200296,DO NOT USE - INCOG POULTRY,CA,ALT_PROD_HIERARCHY,ALT_MARKET_SEG,VEGGIE,ALT_CATEGORY,VEGGIE,ALT_SUB_CATEGORY,VEGGIE MEAL SOLUTIONS
4020250174,MSF HOT DOGS,CA,ALT_PROD_HIERARCHY,ALT_MARKET_SEG,VEGGIE,ALT_CATEGORY,VEGGIE,ALT_SUB_CATEGORY,HOT DOGS
4020250292,DO NOT USE - INCOG SAUSAGE,CA,ALT_PROD_HIERARCHY,ALT_MARKET_SEG,VEGGIE,ALT_CATEGORY,VEGGIE,ALT_SUB_CATEGORY,POULTRY
4020300175,MSF CORN DOGS,CA,ALT_PROD_HIERARCHY,ALT_MARKET_SEG,VEGGIE,ALT_CATEGORY,VEGGIE,ALT_SUB_CATEGORY,CORN DOGS
4020350176,GB HANDHELDS,CA,ALT_PROD_HIERARCHY,ALT_MARKET_SEG,VEGGIE,ALT_CATEGORY,VEGGIE,ALT_SUB_CATEGORY,VEGGIE OTHER
4020350251,MSF HANDHELDS,CA,ALT_PROD_HIERARCHY,ALT_MARKET_SEG,VEGGIE,ALT_CATEGORY,VEGGIE,ALT_SUB_CATEGORY,VEGGIE PRODUCT RESERVE
4020400177,GB BREAKFAST,CA,ALT_PROD_HIERARCHY,ALT_MARKET_SEG,VEGGIE,ALT_CATEGORY,VEGGIE,ALT_SUB_CATEGORY,VEGGIE BREAKFAST
4020400178,MSF BREAKFAST,CA,ALT_PROD_HIERARCHY,ALT_MARKET_SEG,VEGGIE,ALT_CATEGORY,VEGGIE,ALT_SUB_CATEGORY,VEGGIE BREAKFAST
4020450179,GB MEAL SOLUTIONS,CA,ALT_PROD_HIERARCHY,ALT_MARKET_SEG,VEGGIE,ALT_CATEGORY,VEGGIE,ALT_SUB_CATEGORY,VEGGIE MEAL SOLUTIONS
4020450180,MSF MEAL SOLUTIONS,CA,ALT_PROD_HIERARCHY,ALT_MARKET_SEG,VEGGIE,ALT_CATEGORY,VEGGIE,ALT_SUB_CATEGORY,VEGGIE MEAL SOLUTIONS
4020450293,DO NOT USE - INCOG MEAL SOLUTIONS,CA,ALT_PROD_HIERARCHY,ALT_MARKET_SEG,VEGGIE,ALT_CATEGORY,VEGGIE,ALT_SUB_CATEGORY,VEGGIE OTHER
4020450304,PRIVATE LABEL MEAL SOLUTIONS,CA,ALT_PROD_HIERARCHY,ALT_MARKET_SEG,VEGGIE,ALT_CATEGORY,VEGGIE,ALT_SUB_CATEGORY,VEGGIE MEAL SOLUTIONS
4020500181,GB - OTHER,CA,ALT_PROD_HIERARCHY,ALT_MARKET_SEG,VEGGIE,ALT_CATEGORY,VEGGIE,ALT_SUB_CATEGORY,VEGGIE OTHER
4020500182,MSF - OTHER,CA,ALT_PROD_HIERARCHY,ALT_MARKET_SEG,VEGGIE,ALT_CATEGORY,VEGGIE,ALT_SUB_CATEGORY,VEGGIE OTHER
4020500183,MSF ORGANIC - OTHER,CA,ALT_PROD_HIERARCHY,ALT_MARKET_SEG,VEGGIE,ALT_CATEGORY,VEGGIE,ALT_SUB_CATEGORY,VEGGIE OTHER
4020500184,WORTHINGTON FOODS - OTHER,CA,ALT_PROD_HIERARCHY,ALT_MARKET_SEG,VEGGIE,ALT_CATEGORY,VEGGIE,ALT_SUB_CATEGORY,VEGGIE OTHER
4020550192,MSF ENTREES,CA,ALT_PROD_HIERARCHY,ALT_MARKET_SEG,VEGGIE,ALT_CATEGORY,VEGGIE,ALT_SUB_CATEGORY,VEGGIE ENTREES
4020999999,VEGGIE PRODUCT RESERVE,CA,ALT_PROD_HIERARCHY,ALT_MARKET_SEG,VEGGIE,ALT_CATEGORY,VEGGIE,ALT_SUB_CATEGORY,VEGGIE PRODUCT RESERVE
4030500185,KASHI PIZZA,CA,ALT_PROD_HIERARCHY,ALT_MARKET_SEG,VEGGIE,ALT_CATEGORY,FROZEN MEALS,ALT_SUB_CATEGORY,PIZZA
4030550186,KASHI ENTRÉE'S,CA,ALT_PROD_HIERARCHY,ALT_MARKET_SEG,VEGGIE,ALT_CATEGORY,FROZEN MEALS,ALT_SUB_CATEGORY,ENTREES
4030600240,KASHI SOUP,CA,ALT_PROD_HIERARCHY,ALT_MARKET_SEG,VEGGIE,ALT_CATEGORY,FROZEN MEALS,ALT_SUB_CATEGORY,SOUPS
4030999999,FROZEN MEALS PRODUCT RESERVE,CA,ALT_PROD_HIERARCHY,ALT_MARKET_SEG,VEGGIE,ALT_CATEGORY,FROZEN MEALS,ALT_SUB_CATEGORY,FROZEN MEALS PRODUCT RESERVE
4040500298,INCOGMEATO BURGERS,CA,ALT_PROD_HIERARCHY,ALT_MARKET_SEG,VEGGIE,ALT_CATEGORY,PLANT PROTEIN ADJACENCY,ALT_SUB_CATEGORY,BURGERS
4040500299,INCOGMEATO GROUND,CA,ALT_PROD_HIERARCHY,ALT_MARKET_SEG,VEGGIE,ALT_CATEGORY,PLANT PROTEIN ADJACENCY,ALT_SUB_CATEGORY,BURGERS
4040550300,INCOGMEATO CHICKEN,CA,ALT_PROD_HIERARCHY,ALT_MARKET_SEG,VEGGIE,ALT_CATEGORY,PLANT PROTEIN ADJACENCY,ALT_SUB_CATEGORY,PPA POULTRY
4040550301,DO NOT USE - INCOGMEATO TNDRS,CA,ALT_PROD_HIERARCHY,ALT_MARKET_SEG,VEGGIE,ALT_CATEGORY,PLANT PROTEIN ADJACENCY,ALT_SUB_CATEGORY,PPA POULTRY
4040600302,INCOGMEATO SAUSAGE,CA,ALT_PROD_HIERARCHY,ALT_MARKET_SEG,VEGGIE,ALT_CATEGORY,PLANT PROTEIN ADJACENCY,ALT_SUB_CATEGORY,DOGS & DINNER SAUSAGE
4040650305,INCOGMEATO FROZEN BREAKFAST,CA,ALT_PROD_HIERARCHY,ALT_MARKET_SEG,VEGGIE,ALT_CATEGORY,PLANT PROTEIN ADJACENCY,ALT_SUB_CATEGORY,PPA FROZEN BREAKFAST
4040700306,INCOGMEATO FRESH BREAKFAST,CA,ALT_PROD_HIERARCHY,ALT_MARKET_SEG,VEGGIE,ALT_CATEGORY,PLANT PROTEIN ADJACENCY,ALT_SUB_CATEGORY,PPA FRESH BREAKFAST
1010100320,RX GRANOLA,US,ALT_PROD_HIERARCHY,ALT_MARKET_SEG,PWS,ALT_CATEGORY,COLD CEREAL,ALT_SUB_CATEGORY,NAT ORG COLD CEREAL
1010100322,MOUTH OFF,US,ALT_PROD_HIERARCHY,ALT_MARKET_SEG,CEREAL,ALT_CATEGORY,COLD CEREAL,ALT_SUB_CATEGORY,COLD CEREAL
2010100052,POP-TARTS,US,ALT_PROD_HIERARCHY,ALT_MARKET_SEG,PWS,ALT_CATEGORY,TOASTER PASTRIES,ALT_SUB_CATEGORY,TOASTER PASTRIES
2010100053,POP-TARTS MINI CRISPS,US,ALT_PROD_HIERARCHY,ALT_MARKET_SEG,PWS,ALT_CATEGORY,TOASTER PASTRIES,ALT_SUB_CATEGORY,TOASTER PASTRIES
2010100054,POP-TARTS RAINBOW PALLETS,US,ALT_PROD_HIERARCHY,ALT_MARKET_SEG,PWS,ALT_CATEGORY,TOASTER PASTRIES,ALT_SUB_CATEGORY,TOASTER PASTRIES
2010999999,TOASTER PASTRIES PRODUCT RESERVE,US,ALT_PROD_HIERARCHY,ALT_MARKET_SEG,PWS,ALT_CATEGORY,TOASTER PASTRIES,ALT_SUB_CATEGORY,TOASTER PASTRIES PRODUCT RES
2030100088,ALL BRAN CRACKERS,US,ALT_PROD_HIERARCHY,ALT_MARKET_SEG,SALTY SNACKING,ALT_CATEGORY,CRACKERS,ALT_SUB_CATEGORY,ALL OTHER CRACKERS
2030100089,AUSTIN CRACKERS OTG,US,ALT_PROD_HIERARCHY,ALT_MARKET_SEG,SALTY SNACKING,ALT_CATEGORY,CRACKERS,ALT_SUB_CATEGORY,OTG CRACKERS
2030100090,BLUE GINGER,US,ALT_PROD_HIERARCHY,ALT_MARKET_SEG,SALTY SNACKING,ALT_CATEGORY,CRACKERS,ALT_SUB_CATEGORY,ALL OTHER CRACKERS
2030100091,CADDIES CHEEZ-IT OTG,US,ALT_PROD_HIERARCHY,ALT_MARKET_SEG,SALTY SNACKING,ALT_CATEGORY,CRACKERS,ALT_SUB_CATEGORY,OTG CRACKERS
2030100092,CARR'S CRACKERS,US,ALT_PROD_HIERARCHY,ALT_MARKET_SEG,SALTY SNACKING,ALT_CATEGORY,CRACKERS,ALT_SUB_CATEGORY,ALL OTHER CRACKERS
2030100093,CHEEZ-IT,US,ALT_PROD_HIERARCHY,ALT_MARKET_SEG,SALTY SNACKING,ALT_CATEGORY,CRACKERS,ALT_SUB_CATEGORY,CHEEZ-IT
2030100094,CLUB CRACKERS,US,ALT_PROD_HIERARCHY,ALT_MARKET_SEG,SALTY SNACKING,ALT_CATEGORY,CRACKERS,ALT_SUB_CATEGORY,CLUB CRACKERS
2030100095,GRAHAMS,US,ALT_PROD_HIERARCHY,ALT_MARKET_SEG,SALTY SNACKING,ALT_CATEGORY,CRACKERS,ALT_SUB_CATEGORY,ALL OTHER CRACKERS
2030100096,GRIPZ CRACKERS OTG,US,ALT_PROD_HIERARCHY,ALT_MARKET_SEG,SALTY SNACKING,ALT_CATEGORY,CRACKERS,ALT_SUB_CATEGORY,OTG CRACKERS
2030100097,KASHI HEART TO HEART CRACKERS,US,ALT_PROD_HIERARCHY,ALT_MARKET_SEG,SALTY SNACKING,ALT_CATEGORY,CRACKERS,ALT_SUB_CATEGORY,ALL OTHER CRACKERS
2030100098,KELLOGG CRACKER BRAND,US,ALT_PROD_HIERARCHY,ALT_MARKET_SEG,SALTY SNACKING,ALT_CATEGORY,CRACKERS,ALT_SUB_CATEGORY,ALL OTHER CRACKERS
2030100099,KLG CRACKER PACKS OTG,US,ALT_PROD_HIERARCHY,ALT_MARKET_SEG,SALTY SNACKING,ALT_CATEGORY,CRACKERS,ALT_SUB_CATEGORY,OTG CRACKERS
2030100100,KLG LICENSED CRACKERS,US,ALT_PROD_HIERARCHY,ALT_MARKET_SEG,SALTY SNACKING,ALT_CATEGORY,CRACKERS,ALT_SUB_CATEGORY,ALL OTHER CRACKERS
2030100101,KLG LICENSED CRACKERS OTG,US,ALT_PROD_HIERARCHY,ALT_MARKET_SEG,SALTY SNACKING,ALT_CATEGORY,CRACKERS,ALT_SUB_CATEGORY,OTG CRACKERS
2030100102,KRISPY,US,ALT_PROD_HIERARCHY,ALT_MARKET_SEG,SALTY SNACKING,ALT_CATEGORY,CRACKERS,ALT_SUB_CATEGORY,ALL OTHER CRACKERS
2030100103,PRIVATE LABEL CRACKERS,US,ALT_PROD_HIERARCHY,ALT_MARKET_SEG,SALTY SNACKING,ALT_CATEGORY,CRACKERS,ALT_SUB_CATEGORY,ALL OTHER CRACKERS
2030100104,RIGHT BITES CHEEZ-IT OTG,US,ALT_PROD_HIERARCHY,ALT_MARKET_SEG,SALTY SNACKING,ALT_CATEGORY,CRACKERS,ALT_SUB_CATEGORY,OTG CRACKERS
2030100105,SPECIAL K CRACKERS,US,ALT_PROD_HIERARCHY,ALT_MARKET_SEG,SALTY SNACKING,ALT_CATEGORY,CRACKERS,ALT_SUB_CATEGORY,SPECIAL K CRACKERS
2030100106,SPECIAL K CRACKERS OTG,US,ALT_PROD_HIERARCHY,ALT_MARKET_SEG,SALTY SNACKING,ALT_CATEGORY,CRACKERS,ALT_SUB_CATEGORY,OTG CRACKERS
2030100107,SUNSHINE CRACKERS OTHER,US,ALT_PROD_HIERARCHY,ALT_MARKET_SEG,SALTY SNACKING,ALT_CATEGORY,CRACKERS,ALT_SUB_CATEGORY,ALL OTHER CRACKERS
2030100108,KASHI CRACKERS,US,ALT_PROD_HIERARCHY,ALT_MARKET_SEG,SALTY SNACKING,ALT_CATEGORY,CRACKERS,ALT_SUB_CATEGORY,ALL OTHER CRACKERS
2030100109,KASHI CRACKERS OTG,US,ALT_PROD_HIERARCHY,ALT_MARKET_SEG,SALTY SNACKING,ALT_CATEGORY,CRACKERS,ALT_SUB_CATEGORY,OTG CRACKERS
2030100110,TOASTED,US,ALT_PROD_HIERARCHY,ALT_MARKET_SEG,SALTY SNACKING,ALT_CATEGORY,CRACKERS,ALT_SUB_CATEGORY,ALL OTHER CRACKERS
2030100111,TOWN HOUSE,US,ALT_PROD_HIERARCHY,ALT_MARKET_SEG,SALTY SNACKING,ALT_CATEGORY,CRACKERS,ALT_SUB_CATEGORY,TOWN HOUSE
2030100112,MIXED CRACKER BRANDS,US,ALT_PROD_HIERARCHY,ALT_MARKET_SEG,SALTY SNACKING,ALT_CATEGORY,CRACKERS,ALT_SUB_CATEGORY,ALL OTHER CRACKERS
2030100113,WHEATABLES,US,ALT_PROD_HIERARCHY,ALT_MARKET_SEG,SALTY SNACKING,ALT_CATEGORY,CRACKERS,ALT_SUB_CATEGORY,ALL OTHER CRACKERS
2030100114,ZESTA SALTINES,US,ALT_PROD_HIERARCHY,ALT_MARKET_SEG,SALTY SNACKING,ALT_CATEGORY,CRACKERS,ALT_SUB_CATEGORY,ALL OTHER CRACKERS
2030100115,OTHER CRACKERS,US,ALT_PROD_HIERARCHY,ALT_MARKET_SEG,SALTY SNACKING,ALT_CATEGORY,CRACKERS,ALT_SUB_CATEGORY,ALL OTHER CRACKERS
2030100189,BEANATURAL,US,ALT_PROD_HIERARCHY,ALT_MARKET_SEG,SALTY SNACKING,ALT_CATEGORY,CRACKERS,ALT_SUB_CATEGORY,ALL OTHER CRACKERS
2030100190,KASHI PITA CRACKERS,US,ALT_PROD_HIERARCHY,ALT_MARKET_SEG,SALTY SNACKING,ALT_CATEGORY,CRACKERS,ALT_SUB_CATEGORY,ALL OTHER CRACKERS
2030100209,CADDIES MIXED CRACKERS OTG,US,ALT_PROD_HIERARCHY,ALT_MARKET_SEG,SALTY SNACKING,ALT_CATEGORY,CRACKERS,ALT_SUB_CATEGORY,OTG CRACKERS
2030100212,AUSTIN CRACKERS,US,ALT_PROD_HIERARCHY,ALT_MARKET_SEG,SALTY SNACKING,ALT_CATEGORY,CRACKERS,ALT_SUB_CATEGORY,ALL OTHER CRACKERS
2030100236,BEAR NAKED CRACKERS,US,ALT_PROD_HIERARCHY,ALT_MARKET_SEG,SALTY SNACKING,ALT_CATEGORY,CRACKERS,ALT_SUB_CATEGORY,ALL OTHER CRACKERS
2030100238,KASHI CRISP CRACKERS,US,ALT_PROD_HIERARCHY,ALT_MARKET_SEG,SALTY SNACKING,ALT_CATEGORY,CRACKERS,ALT_SUB_CATEGORY,ALL OTHER CRACKERS
2030100270,CHEEZ-IT SANDWICH CRACKERS,US,ALT_PROD_HIERARCHY,ALT_MARKET_SEG,SALTY SNACKING,ALT_CATEGORY,CRACKERS,ALT_SUB_CATEGORY,CHEEZ-IT
2030100319,PURE CRACKERS,US,ALT_PROD_HIERARCHY,ALT_MARKET_SEG,SALTY SNACKING,ALT_CATEGORY,CRACKERS,ALT_SUB_CATEGORY,ALL OTHER CRACKERS
2030100323,CLUB CRACKERS OTG,US,ALT_PROD_HIERARCHY,ALT_MARKET_SEG,SALTY SNACKING,ALT_CATEGORY,CRACKERS,ALT_SUB_CATEGORY,OTG CRACKERS
2030200325,KELLOGG GRAHAM CRUMBS,US,ALT_PROD_HIERARCHY,ALT_MARKET_SEG,SALTY SNACKING,ALT_CATEGORY,CRACKERS,ALT_SUB_CATEGORY,CRUMBS
2030999999,CRACKERS PRODUCT RESERVE,US,ALT_PROD_HIERARCHY,ALT_MARKET_SEG,SALTY SNACKING,ALT_CATEGORY,CRACKERS,ALT_SUB_CATEGORY,CRACKERS PRODUCT RESERVE
2035100221,PRINGLES CRISPS,US,ALT_PROD_HIERARCHY,ALT_MARKET_SEG,SALTY SNACKING,ALT_CATEGORY,SALTY SNACKS,ALT_SUB_CATEGORY,PRINGLES CRISPS
2035100222,PRINGLES CRISPS SNACK STACKS,US,ALT_PROD_HIERARCHY,ALT_MARKET_SEG,SALTY SNACKING,ALT_CATEGORY,SALTY SNACKS,ALT_SUB_CATEGORY,PRINGLES SNACK STACKS
2035100277,PRINGLES WAVY,US,ALT_PROD_HIERARCHY,ALT_MARKET_SEG,SALTY SNACKING,ALT_CATEGORY,SALTY SNACKS,ALT_SUB_CATEGORY,PRINGLES CRISPS
2035100321,PRINGLES HARVEST BLENDS,US,ALT_PROD_HIERARCHY,ALT_MARKET_SEG,SALTY SNACKING,ALT_CATEGORY,SALTY SNACKS,ALT_SUB_CATEGORY,PRINGLES CRISPS
2035100324,PRINGLES MINGLES,US,ALT_PROD_HIERARCHY,ALT_MARKET_SEG,SALTY SNACKING,ALT_CATEGORY,SALTY SNACKS,ALT_SUB_CATEGORY,PRINGLES MINGLES
2035150249,PRINGLES TORTILLAS,US,ALT_PROD_HIERARCHY,ALT_MARKET_SEG,SALTY SNACKING,ALT_CATEGORY,SALTY SNACKS,ALT_SUB_CATEGORY,TORTILLA
2035150271,PRINGLES LOUD,US,ALT_PROD_HIERARCHY,ALT_MARKET_SEG,SALTY SNACKING,ALT_CATEGORY,SALTY SNACKS,ALT_SUB_CATEGORY,PRINGLES CRISPS
2035200223,PRINGLES STIX,US,ALT_PROD_HIERARCHY,ALT_MARKET_SEG,SALTY SNACKING,ALT_CATEGORY,SALTY SNACKS,ALT_SUB_CATEGORY,STIX
2035200224,OTHER SALTY SNACKS,US,ALT_PROD_HIERARCHY,ALT_MARKET_SEG,SALTY SNACKING,ALT_CATEGORY,SALTY SNACKS,ALT_SUB_CATEGORY,ALL OTHER SALTY
2035200242,KASHI SALTY SNACKS CRISPS,US,ALT_PROD_HIERARCHY,ALT_MARKET_SEG,SALTY SNACKING,ALT_CATEGORY,SALTY SNACKS,ALT_SUB_CATEGORY,KASHI SALTY
2035200250,CHEEZ-IT SALTY SNACKS,US,ALT_PROD_HIERARCHY,ALT_MARKET_SEG,SALTY SNACKING,ALT_CATEGORY,SALTY SNACKS,ALT_SUB_CATEGORY,OTHER SALTY SNACKS
2035200252,EAGLE SALTY SNACKS CRISPS,US,ALT_PROD_HIERARCHY,ALT_MARKET_SEG,SALTY SNACKING,ALT_CATEGORY,SALTY SNACKS,ALT_SUB_CATEGORY,ALL OTHER SALTY
2035200317,PRINGLES PUFFS,US,ALT_PROD_HIERARCHY,ALT_MARKET_SEG,SALTY SNACKING,ALT_CATEGORY,SALTY SNACKS,ALT_SUB_CATEGORY,PRINGLES PUFFS
2035999999,SALTY SNACKS PRODUCT RESERVE,US,ALT_PROD_HIERARCHY,ALT_MARKET_SEG,SALTY SNACKING,ALT_CATEGORY,SALTY SNACKS,ALT_SUB_CATEGORY,SALTY SNACKS PRODUCT RESERVE
2040200268,PURE FRUIT STRIPS,US,ALT_PROD_HIERARCHY,ALT_MARKET_SEG,PWS,ALT_CATEGORY,FRUIT SNACKS,ALT_SUB_CATEGORY,PURE FFS
2040200269,PURE LAYERED FRUIT BARS,US,ALT_PROD_HIERARCHY,ALT_MARKET_SEG,PWS,ALT_CATEGORY,FRUIT SNACKS,ALT_SUB_CATEGORY,PURE FFS
2040999999,FRUIT SNACKS PRODUCT RESERVE,US,ALT_PROD_HIERARCHY,ALT_MARKET_SEG,PWS,ALT_CATEGORY,FRUIT SNACKS,ALT_SUB_CATEGORY,FRUIT SNACKS PRODUCT RESERVE
2050100126,ALL BRAN CEREAL BARS,US,ALT_PROD_HIERARCHY,ALT_MARKET_SEG,PWS,ALT_CATEGORY,BARS,ALT_SUB_CATEGORY,ALL OTHER WS
2050100127,CEREAL BREAKFAST BAR,US,ALT_PROD_HIERARCHY,ALT_MARKET_SEG,PWS,ALT_CATEGORY,BARS,ALT_SUB_CATEGORY,ALL OTHER WS
2050100128,CINNABON BARS,US,ALT_PROD_HIERARCHY,ALT_MARKET_SEG,PWS,ALT_CATEGORY,BARS,ALT_SUB_CATEGORY,ALL OTHER WS
2050100129,NUTRI-GRAIN CEREAL BARS,US,ALT_PROD_HIERARCHY,ALT_MARKET_SEG,PWS,ALT_CATEGORY,BARS,ALT_SUB_CATEGORY,NUTRI-GRAIN
2050100130,SPECIAL K CEREAL BARS,US,ALT_PROD_HIERARCHY,ALT_MARKET_SEG,PWS,ALT_CATEGORY,BARS,ALT_SUB_CATEGORY,SPECIAL K WS
2050100131,KASHI CEREAL BARS,US,ALT_PROD_HIERARCHY,ALT_MARKET_SEG,PWS,ALT_CATEGORY,BARS,ALT_SUB_CATEGORY,KASHI WS
2050100194,BE NATURAL BARS,US,ALT_PROD_HIERARCHY,ALT_MARKET_SEG,PWS,ALT_CATEGORY,BARS,ALT_SUB_CATEGORY,ALL OTHER WS
2050100204,KASHI SOFT N CHEWY BARS,US,ALT_PROD_HIERARCHY,ALT_MARKET_SEG,PWS,ALT_CATEGORY,BARS,ALT_SUB_CATEGORY,KASHI WS
2050100289,KASHI BITES,US,ALT_PROD_HIERARCHY,ALT_MARKET_SEG,PWS,ALT_CATEGORY,BARS,ALT_SUB_CATEGORY,KASHI WS
2050200132,KASHI LAYERED BARS,US,ALT_PROD_HIERARCHY,ALT_MARKET_SEG,PWS,ALT_CATEGORY,BARS,ALT_SUB_CATEGORY,KASHI WS
2050200133,BEAR NAKED BARS,US,ALT_PROD_HIERARCHY,ALT_MARKET_SEG,PWS,ALT_CATEGORY,BARS,ALT_SUB_CATEGORY,ALL OTHER WS
2050200134,FIBER PLUS BARS,US,ALT_PROD_HIERARCHY,ALT_MARKET_SEG,PWS,ALT_CATEGORY,BARS,ALT_SUB_CATEGORY,FIBER PLUS
2050200135,SWEET & SALTY BARS,US,ALT_PROD_HIERARCHY,ALT_MARKET_SEG,PWS,ALT_CATEGORY,BARS,ALT_SUB_CATEGORY,ALL OTHER WS
2050200136,KASHI CHEWY BARS,US,ALT_PROD_HIERARCHY,ALT_MARKET_SEG,PWS,ALT_CATEGORY,BARS,ALT_SUB_CATEGORY,KASHI WS
2050200195,KASHI CRUNCHY BARS,US,ALT_PROD_HIERARCHY,ALT_MARKET_SEG,PWS,ALT_CATEGORY,BARS,ALT_SUB_CATEGORY,KASHI WS
2050200196,KEEBLER GRANOLA BARS,US,ALT_PROD_HIERARCHY,ALT_MARKET_SEG,PWS,ALT_CATEGORY,BARS,ALT_SUB_CATEGORY,ALL OTHER WS
2050200197,KELLOGG GRANOLA MUNCH'EMS,US,ALT_PROD_HIERARCHY,ALT_MARKET_SEG,PWS,ALT_CATEGORY,BARS,ALT_SUB_CATEGORY,ALL OTHER WS
2050200207,KASHI MIXED BRANDS,US,ALT_PROD_HIERARCHY,ALT_MARKET_SEG,PWS,ALT_CATEGORY,BARS,ALT_SUB_CATEGORY,KASHI WS
2050200210,SPECIAL K GRANOLA BARS,US,ALT_PROD_HIERARCHY,ALT_MARKET_SEG,PWS,ALT_CATEGORY,BARS,ALT_SUB_CATEGORY,SPECIAL K WS
2050200227,GIRL SCOUT GRANOLA BAR,US,ALT_PROD_HIERARCHY,ALT_MARKET_SEG,PWS,ALT_CATEGORY,BARS,ALT_SUB_CATEGORY,ALL OTHER WS
2050200232,NUTRI-GRAIN GRANOLA BARS,US,ALT_PROD_HIERARCHY,ALT_MARKET_SEG,PWS,ALT_CATEGORY,BARS,ALT_SUB_CATEGORY,NUTRI-GRAIN
2050200258,KASHI ORGANIC CHEWY BARS,US,ALT_PROD_HIERARCHY,ALT_MARKET_SEG,PWS,ALT_CATEGORY,BARS,ALT_SUB_CATEGORY,KASHI WS
2050300137,RKT SQUARES,US,ALT_PROD_HIERARCHY,ALT_MARKET_SEG,PWS,ALT_CATEGORY,BARS,ALT_SUB_CATEGORY,RK TREATS
2050300138,RKT CRUNCH MIX,US,ALT_PROD_HIERARCHY,ALT_MARKET_SEG,PWS,ALT_CATEGORY,BARS,ALT_SUB_CATEGORY,RK TREATS
2050300216,KASHI SOFT BAKED SQUARES,US,ALT_PROD_HIERARCHY,ALT_MARKET_SEG,PWS,ALT_CATEGORY,BARS,ALT_SUB_CATEGORY,KASHI WS
2050300254,KRAVE TREAT BARS,US,ALT_PROD_HIERARCHY,ALT_MARKET_SEG,PWS,ALT_CATEGORY,BARS,ALT_SUB_CATEGORY,ALL OTHER WS
2050300263,PURE ANCIENT GRAINS BAR,US,ALT_PROD_HIERARCHY,ALT_MARKET_SEG,PWS,ALT_CATEGORY,BARS,ALT_SUB_CATEGORY,ALL OTHER WS
2050300264,PURE 100 CAL BAR,US,ALT_PROD_HIERARCHY,ALT_MARKET_SEG,PWS,ALT_CATEGORY,BARS,ALT_SUB_CATEGORY,ALL OTHER WS
2050300283,RKT POPPERS,US,ALT_PROD_HIERARCHY,ALT_MARKET_SEG,PWS,ALT_CATEGORY,BARS,ALT_SUB_CATEGORY,RK TREATS
2050400139,ALL BRAN FIBER BARS,US,ALT_PROD_HIERARCHY,ALT_MARKET_SEG,PWS,ALT_CATEGORY,BARS,ALT_SUB_CATEGORY,HEALTH & WELLNESS BARS
2050400140,SPECIAL K PROTEIN BARS,US,ALT_PROD_HIERARCHY,ALT_MARKET_SEG,PWS,ALT_CATEGORY,BARS,ALT_SUB_CATEGORY,HEALTH & WELLNESS BARS
2050400141,LIVE BRIGHT,US,ALT_PROD_HIERARCHY,ALT_MARKET_SEG,PWS,ALT_CATEGORY,BARS,ALT_SUB_CATEGORY,HEALTH & WELLNESS BARS
2050400142,KASHI GOLEAN BARS,US,ALT_PROD_HIERARCHY,ALT_MARKET_SEG,PWS,ALT_CATEGORY,BARS,ALT_SUB_CATEGORY,HEALTH & WELLNESS BARS
2050400208,SPK MIXED H & W BRANDS,US,ALT_PROD_HIERARCHY,ALT_MARKET_SEG,PWS,ALT_CATEGORY,BARS,ALT_SUB_CATEGORY,HEALTH & WELLNESS BARS
2050400233,SPECIAL K NOURISH BARS,US,ALT_PROD_HIERARCHY,ALT_MARKET_SEG,PWS,ALT_CATEGORY,BARS,ALT_SUB_CATEGORY,HEALTH & WELLNESS BARS
2050400234,BEAR NAKED H&W BARS,US,ALT_PROD_HIERARCHY,ALT_MARKET_SEG,PWS,ALT_CATEGORY,BARS,ALT_SUB_CATEGORY,HEALTH & WELLNESS BARS
2050400235,KASHI JOI,US,ALT_PROD_HIERARCHY,ALT_MARKET_SEG,PWS,ALT_CATEGORY,BARS,ALT_SUB_CATEGORY,HEALTH & WELLNESS BARS
2050400265,PURE FRUIT & NUT BAR,US,ALT_PROD_HIERARCHY,ALT_MARKET_SEG,PWS,ALT_CATEGORY,BARS,ALT_SUB_CATEGORY,HEALTH & WELLNESS BARS
2050400266,PURE VEGGIE PROTEIN BAR,US,ALT_PROD_HIERARCHY,ALT_MARKET_SEG,PWS,ALT_CATEGORY,BARS,ALT_SUB_CATEGORY,HEALTH & WELLNESS BARS
2050400275,KASHI H&W BARS,US,ALT_PROD_HIERARCHY,ALT_MARKET_SEG,PWS,ALT_CATEGORY,BARS,ALT_SUB_CATEGORY,KASHI WS
2050400278,HAPPY INSIDE BARS,US,ALT_PROD_HIERARCHY,ALT_MARKET_SEG,PWS,ALT_CATEGORY,BARS,ALT_SUB_CATEGORY,HEALTH & WELLNESS BARS
2050400279,HAPPY INSIDE MIX,US,ALT_PROD_HIERARCHY,ALT_MARKET_SEG,PWS,ALT_CATEGORY,BARS,ALT_SUB_CATEGORY,ALL OTHER WS
2050400280,WK RESERVE,US,ALT_PROD_HIERARCHY,ALT_MARKET_SEG,PWS,ALT_CATEGORY,BARS,ALT_SUB_CATEGORY,ALL OTHER WS
2050400285,KASHI PROTEIN BARS,US,ALT_PROD_HIERARCHY,ALT_MARKET_SEG,PWS,ALT_CATEGORY,BARS,ALT_SUB_CATEGORY,HEALTH & WELLNESS BARS
2050409999,H & W BARS PRODUCT RESERVE,US,ALT_PROD_HIERARCHY,ALT_MARKET_SEG,PWS,ALT_CATEGORY,BARS,ALT_SUB_CATEGORY,HEALTH & WELLNESS BARS RESERVE
2050500143,VECTOR BARS,US,ALT_PROD_HIERARCHY,ALT_MARKET_SEG,PWS,ALT_CATEGORY,BARS,ALT_SUB_CATEGORY,ALL OTHER WS
2050500206,MIXED WS BRANDS,US,ALT_PROD_HIERARCHY,ALT_MARKET_SEG,PWS,ALT_CATEGORY,BARS,ALT_SUB_CATEGORY,ALL OTHER WS
2050500255,OTHER NEW BARS,US,ALT_PROD_HIERARCHY,ALT_MARKET_SEG,PWS,ALT_CATEGORY,BARS,ALT_SUB_CATEGORY,ALL OTHER WS
2050600309,RXBAR,US,ALT_PROD_HIERARCHY,ALT_MARKET_SEG,PWS,ALT_CATEGORY,BARS,ALT_SUB_CATEGORY,PROTEIN BARS
2050600310,RXBAR MINIS,US,ALT_PROD_HIERARCHY,ALT_MARKET_SEG,PWS,ALT_CATEGORY,BARS,ALT_SUB_CATEGORY,PROTEIN BARS
2050600311,RXBAR LAYERS,US,ALT_PROD_HIERARCHY,ALT_MARKET_SEG,PWS,ALT_CATEGORY,BARS,ALT_SUB_CATEGORY,PROTEIN BARS
2050600314,RXBAR KIDS,US,ALT_PROD_HIERARCHY,ALT_MARKET_SEG,PWS,ALT_CATEGORY,BARS,ALT_SUB_CATEGORY,PROTEIN BARS
2050600316,RXBAR PLANT-BASED,US,ALT_PROD_HIERARCHY,ALT_MARKET_SEG,PWS,ALT_CATEGORY,BARS,ALT_SUB_CATEGORY,PROTEIN BARS
2050999999,BARS PRODUCT RESERVE,US,ALT_PROD_HIERARCHY,ALT_MARKET_SEG,PWS,ALT_CATEGORY,BARS,ALT_SUB_CATEGORY,BARS PRODUCT RESERVE
2060100230,SPECIAL K BREAKFAST SHAKE,US,ALT_PROD_HIERARCHY,ALT_MARKET_SEG,PWS,ALT_CATEGORY,DRINKABLE BREAKFAST,ALT_SUB_CATEGORY,DRINKABLE BREAKFAST
2060100231,KELLOGG BREAKFAST TG SHAKE,US,ALT_PROD_HIERARCHY,ALT_MARKET_SEG,PWS,ALT_CATEGORY,DRINKABLE BREAKFAST,ALT_SUB_CATEGORY,DRINKABLE BREAKFAST
2060100244,VECTOR SHAKES,US,ALT_PROD_HIERARCHY,ALT_MARKET_SEG,PWS,ALT_CATEGORY,H&W BEVERAGES,ALT_SUB_CATEGORY,H&W BEVERAGES
2060100246,ALL BRAN SHAKES,US,ALT_PROD_HIERARCHY,ALT_MARKET_SEG,PWS,ALT_CATEGORY,DRINKABLE BREAKFAST,ALT_SUB_CATEGORY,DRINKABLE BREAKFAST
2060200145,SPECIAL K POWDERS,US,ALT_PROD_HIERARCHY,ALT_MARKET_SEG,PWS,ALT_CATEGORY,H&W BEVERAGES,ALT_SUB_CATEGORY,H&W BEVERAGES
2060200146,ALL BRAN FIBER POWDER,US,ALT_PROD_HIERARCHY,ALT_MARKET_SEG,PWS,ALT_CATEGORY,H&W BEVERAGES,ALT_SUB_CATEGORY,H&W BEVERAGES
2060200147,KASHI GOLEAN POWDERS,US,ALT_PROD_HIERARCHY,ALT_MARKET_SEG,PWS,ALT_CATEGORY,H&W BEVERAGES,ALT_SUB_CATEGORY,H&W BEVERAGES
2060200148,MSF ORGANIC-KAFFREE ROMA,US,ALT_PROD_HIERARCHY,ALT_MARKET_SEG,PWS,ALT_CATEGORY,H&W BEVERAGES,ALT_SUB_CATEGORY,H&W BEVERAGES
2060200243,KELLOGG BREAKFAST TG POWDER,US,ALT_PROD_HIERARCHY,ALT_MARKET_SEG,PWS,ALT_CATEGORY,DRINKABLE BREAKFAST,ALT_SUB_CATEGORY,DRINKABLE BREAKFAST
2060200273,DO NOT USE,US,ALT_PROD_HIERARCHY,ALT_MARKET_SEG,PWS,ALT_CATEGORY,DRINKABLE BREAKFAST,ALT_SUB_CATEGORY,DRINKABLE BREAKFAST
2060999999,BEVERAGES PRODUCT RESERVE,US,ALT_PROD_HIERARCHY,ALT_MARKET_SEG,COOKIES & OTHER,ALT_CATEGORY,H&W BEVERAGES,ALT_SUB_CATEGORY,H&W BEVERAGES RESERVE
2070100149,KEEBLER CRUSTS,US,ALT_PROD_HIERARCHY,ALT_MARKET_SEG,COOKIES & OTHER,ALT_CATEGORY,INGREDIENTS,ALT_SUB_CATEGORY,CRUSTS
2070100150,PRIVATE LABEL CRUSTS,US,ALT_PROD_HIERARCHY,ALT_MARKET_SEG,COOKIES & OTHER,ALT_CATEGORY,INGREDIENTS,ALT_SUB_CATEGORY,CRUSTS
2070200151,KELLOGG'S CROUTETTES STUFFING MIX,US,ALT_PROD_HIERARCHY,ALT_MARKET_SEG,COOKIES & OTHER,ALT_CATEGORY,INGREDIENTS,ALT_SUB_CATEGORY,CROUTETTES
2070400154,EGGO SYRUP,US,ALT_PROD_HIERARCHY,ALT_MARKET_SEG,COOKIES & OTHER,ALT_CATEGORY,INGREDIENTS,ALT_SUB_CATEGORY,SYRUP
2070999999,INGREDIENTS PRODUCT RESERVE,US,ALT_PROD_HIERARCHY,ALT_MARKET_SEG,COOKIES & OTHER,ALT_CATEGORY,INGREDIENTS,ALT_SUB_CATEGORY,INGREDIENTS PRODUCT RESERVE
2080100155,BEAR NAKED TRAIL MIX,US,ALT_PROD_HIERARCHY,ALT_MARKET_SEG,PWS,ALT_CATEGORY,OTHER CONVENIENCE,ALT_SUB_CATEGORY,BEAR NAKED TRAIL MIX
2080100267,PURE CLUSTERS,US,ALT_PROD_HIERARCHY,ALT_MARKET_SEG,PWS,ALT_CATEGORY,OTHER CONVENIENCE,ALT_SUB_CATEGORY,PURE CLUSTERS
2080100286,BEAR NAKED BARK,US,ALT_PROD_HIERARCHY,ALT_MARKET_SEG,PWS,ALT_CATEGORY,OTHER CONVENIENCE,ALT_SUB_CATEGORY,BEAR NAKED TRAIL MIX
2080200203,KASHI HERITAGE SIDES,US,ALT_PROD_HIERARCHY,ALT_MARKET_SEG,VEGGIE,ALT_CATEGORY,OTHER CONVENIENCE,ALT_SUB_CATEGORY,PILAF
2080300261,CROSS CATEGORY SNACK BOX,US,ALT_PROD_HIERARCHY,ALT_MARKET_SEG,PWS,ALT_CATEGORY,OTHER CONVENIENCE,ALT_SUB_CATEGORY,OTHER CONVENIENCE PRODUCT
2080300297,LEAF JERKY,US,ALT_PROD_HIERARCHY,ALT_MARKET_SEG,,ALT_CATEGORY,,ALT_SUB_CATEGORY,
2080400312,RXBAR NUT BUTTERS,US,ALT_PROD_HIERARCHY,ALT_MARKET_SEG,PWS,ALT_CATEGORY,OTHER CONVENIENCE,ALT_SUB_CATEGORY,BUTTER ALTERNATIVES
2080999999,OTHER CONVENIENCE PRODUCT RESERVE,US,ALT_PROD_HIERARCHY,ALT_MARKET_SEG,PWS,ALT_CATEGORY,OTHER CONVENIENCE,ALT_SUB_CATEGORY,OTHER CONVENIENCE PRODUCT RES
2090100156,GIRL SCOUT AWARDS,US,ALT_PROD_HIERARCHY,ALT_MARKET_SEG,NON FOOD,ALT_CATEGORY,NON FOOD,ALT_SUB_CATEGORY,NON FOOD PRODUCTS
2090100211,DISPLAYS,US,ALT_PROD_HIERARCHY,ALT_MARKET_SEG,NON FOOD,ALT_CATEGORY,NON FOOD,ALT_SUB_CATEGORY,NON FOOD PRODUCTS
2090100247,SNACKS MISC LICENSING,US,ALT_PROD_HIERARCHY,ALT_MARKET_SEG,NON FOOD,ALT_CATEGORY,NON FOOD,ALT_SUB_CATEGORY,NON FOOD PRODUCTS
2090100248,IDEAL VIE,US,ALT_PROD_HIERARCHY,ALT_MARKET_SEG,NON FOOD,ALT_CATEGORY,NON FOOD,ALT_SUB_CATEGORY,NON FOOD PRODUCTS
4010100157,EGGO WAFFLES,US,ALT_PROD_HIERARCHY,ALT_MARKET_SEG,FROZEN BREAKFAST,ALT_CATEGORY,SYRUP CARRIERS,ALT_SUB_CATEGORY,WAFFLES
4010100158,KASHI GOLEAN WAFFLES,US,ALT_PROD_HIERARCHY,ALT_MARKET_SEG,FROZEN BREAKFAST,ALT_CATEGORY,SYRUP CARRIERS,ALT_SUB_CATEGORY,WAFFLES
4010100159,KASHI WAFFLES,US,ALT_PROD_HIERARCHY,ALT_MARKET_SEG,FROZEN BREAKFAST,ALT_CATEGORY,SYRUP CARRIERS,ALT_SUB_CATEGORY,WAFFLES
4010100160,EGGO SPECIAL K WAFFLES,US,ALT_PROD_HIERARCHY,ALT_MARKET_SEG,FROZEN BREAKFAST,ALT_CATEGORY,SYRUP CARRIERS,ALT_SUB_CATEGORY,WAFFLES
4010100161,MIXED FROZEN BRANDS,US,ALT_PROD_HIERARCHY,ALT_MARKET_SEG,FROZEN BREAKFAST,ALT_CATEGORY,SYRUP CARRIERS,ALT_SUB_CATEGORY,WAFFLES
4010100205,EGGO NUTRI-GRAIN WAFFLES,US,ALT_PROD_HIERARCHY,ALT_MARKET_SEG,FROZEN BREAKFAST,ALT_CATEGORY,SYRUP CARRIERS,ALT_SUB_CATEGORY,WAFFLES
4010100290,OFF THE GRID WAFFLES,US,ALT_PROD_HIERARCHY,ALT_MARKET_SEG,FROZEN BREAKFAST,ALT_CATEGORY,SYRUP CARRIERS,ALT_SUB_CATEGORY,WAFFLES
4010100303,KELLOGG'S WAFFLES,US,ALT_PROD_HIERARCHY,ALT_MARKET_SEG,FROZEN BREAKFAST,ALT_CATEGORY,SYRUP CARRIERS,ALT_SUB_CATEGORY,WAFFLES
4010200162,EGGO PANCAKES,US,ALT_PROD_HIERARCHY,ALT_MARKET_SEG,FROZEN BREAKFAST,ALT_CATEGORY,SYRUP CARRIERS,ALT_SUB_CATEGORY,PANCAKES
4010200163,CINNABON PANCAKES,US,ALT_PROD_HIERARCHY,ALT_MARKET_SEG,FROZEN BREAKFAST,ALT_CATEGORY,SYRUP CARRIERS,ALT_SUB_CATEGORY,PANCAKES
4010300164,EGGO BAKE SHOP,US,ALT_PROD_HIERARCHY,ALT_MARKET_SEG,FROZEN BREAKFAST,ALT_CATEGORY,SYRUP CARRIERS,ALT_SUB_CATEGORY,SWEET GOODS
4010300165,EGGO SWEET PIZZA,US,ALT_PROD_HIERARCHY,ALT_MARKET_SEG,FROZEN BREAKFAST,ALT_CATEGORY,SYRUP CARRIERS,ALT_SUB_CATEGORY,SWEET GOODS
4010300198,EGGO MUFFIN TOPS,US,ALT_PROD_HIERARCHY,ALT_MARKET_SEG,FROZEN BREAKFAST,ALT_CATEGORY,SYRUP CARRIERS,ALT_SUB_CATEGORY,SWEET GOODS
4010300199,EGGO SWEET GOODS NEW,US,ALT_PROD_HIERARCHY,ALT_MARKET_SEG,FROZEN BREAKFAST,ALT_CATEGORY,SYRUP CARRIERS,ALT_SUB_CATEGORY,SWEET GOODS
4010300200,SPECIAL K MINI LOAVES,US,ALT_PROD_HIERARCHY,ALT_MARKET_SEG,FROZEN BREAKFAST,ALT_CATEGORY,SYRUP CARRIERS,ALT_SUB_CATEGORY,SWEET GOODS
4010400166,EGGO SAVORY,US,ALT_PROD_HIERARCHY,ALT_MARKET_SEG,FROZEN BREAKFAST,ALT_CATEGORY,HANDHELD,ALT_SUB_CATEGORY,HH/ENTREES
4010400218,SPECIAL K BKFST HANDHELD,US,ALT_PROD_HIERARCHY,ALT_MARKET_SEG,FROZEN BREAKFAST,ALT_CATEGORY,HANDHELD,ALT_SUB_CATEGORY,HH/ENTREES
4010400272,LICENSED FROZEN MEALS,US,ALT_PROD_HIERARCHY,ALT_MARKET_SEG,FROZEN BREAKFAST,ALT_CATEGORY,HANDHELD,ALT_SUB_CATEGORY,HH/ENTREES
4010400284,FROZEN AM BAKERY,US,ALT_PROD_HIERARCHY,ALT_MARKET_SEG,FROZEN BREAKFAST,ALT_CATEGORY,HANDHELD,ALT_SUB_CATEGORY,DONUTS
4010500167,EGGO FRENCH TOAST,US,ALT_PROD_HIERARCHY,ALT_MARKET_SEG,FROZEN BREAKFAST,ALT_CATEGORY,SYRUP CARRIERS,ALT_SUB_CATEGORY,FRENCH TOAST
4010500201,CINNABON FRENCH TOAST,US,ALT_PROD_HIERARCHY,ALT_MARKET_SEG,FROZEN BREAKFAST,ALT_CATEGORY,SYRUP CARRIERS,ALT_SUB_CATEGORY,FRENCH TOAST
4010600307,EGGO STUFFED,US,ALT_PROD_HIERARCHY,ALT_MARKET_SEG,FROZEN BREAKFAST,ALT_CATEGORY,SYRUP CARRIERS,ALT_SUB_CATEGORY,FRENCH TOAST
4010999999,FROZEN BREAKFAST PRODUCT RESERVE,US,ALT_PROD_HIERARCHY,ALT_MARKET_SEG,FROZEN BREAKFAST,ALT_CATEGORY,SYRUP CARRIERS,ALT_SUB_CATEGORY,FROZEN BREAKFAST PRODUCT RES
4020100168,WORTHINGTON FOODS - CANNED,US,ALT_PROD_HIERARCHY,ALT_MARKET_SEG,VEGGIE,ALT_CATEGORY,VEGGIE,ALT_SUB_CATEGORY,CANNED PRODUCT
4020100169,LOMA LINDA - CANNED,US,ALT_PROD_HIERARCHY,ALT_MARKET_SEG,VEGGIE,ALT_CATEGORY,VEGGIE,ALT_SUB_CATEGORY,CANNED PRODUCT
4020150170,GB VEGGIE BURGERS,US,ALT_PROD_HIERARCHY,ALT_MARKET_SEG,VEGGIE,ALT_CATEGORY,VEGGIE,ALT_SUB_CATEGORY,VEGGIE BURGERS
4020150171,MSF VEGGIE BURGERS,US,ALT_PROD_HIERARCHY,ALT_MARKET_SEG,VEGGIE,ALT_CATEGORY,VEGGIE,ALT_SUB_CATEGORY,VEGGIE BURGERS
4020150291,DO NOT USE - INCOG BURGERS,US,ALT_PROD_HIERARCHY,ALT_MARKET_SEG,VEGGIE,ALT_CATEGORY,VEGGIE,ALT_SUB_CATEGORY,VEGGIE BURGERS
4020200172,GB POULTRY,US,ALT_PROD_HIERARCHY,ALT_MARKET_SEG,VEGGIE,ALT_CATEGORY,VEGGIE,ALT_SUB_CATEGORY,POULTRY
4020200173,MSF POULTRY,US,ALT_PROD_HIERARCHY,ALT_MARKET_SEG,VEGGIE,ALT_CATEGORY,VEGGIE,ALT_SUB_CATEGORY,POULTRY
4020200296,DO NOT USE - INCOG POULTRY,US,ALT_PROD_HIERARCHY,ALT_MARKET_SEG,VEGGIE,ALT_CATEGORY,VEGGIE,ALT_SUB_CATEGORY,POULTRY
4020250174,MSF HOT DOGS,US,ALT_PROD_HIERARCHY,ALT_MARKET_SEG,VEGGIE,ALT_CATEGORY,VEGGIE,ALT_SUB_CATEGORY,HOT DOGS
4020250292,DO NOT USE - INCOG SAUSAGE,US,ALT_PROD_HIERARCHY,ALT_MARKET_SEG,VEGGIE,ALT_CATEGORY,VEGGIE,ALT_SUB_CATEGORY,VEGGIE OTHER
4020300175,MSF CORN DOGS,US,ALT_PROD_HIERARCHY,ALT_MARKET_SEG,VEGGIE,ALT_CATEGORY,VEGGIE,ALT_SUB_CATEGORY,CORN DOGS
4020350176,GB HANDHELDS,US,ALT_PROD_HIERARCHY,ALT_MARKET_SEG,VEGGIE,ALT_CATEGORY,VEGGIE,ALT_SUB_CATEGORY,VEGGIE OTHER
4020350251,MSF HANDHELDS,US,ALT_PROD_HIERARCHY,ALT_MARKET_SEG,VEGGIE,ALT_CATEGORY,VEGGIE,ALT_SUB_CATEGORY,VEGGIE PRODUCT RESERVE
4020400177,GB BREAKFAST,US,ALT_PROD_HIERARCHY,ALT_MARKET_SEG,VEGGIE,ALT_CATEGORY,VEGGIE,ALT_SUB_CATEGORY,VEGGIE BREAKFAST
4020400178,MSF BREAKFAST,US,ALT_PROD_HIERARCHY,ALT_MARKET_SEG,VEGGIE,ALT_CATEGORY,VEGGIE,ALT_SUB_CATEGORY,VEGGIE BREAKFAST
4020450179,GB MEAL SOLUTIONS,US,ALT_PROD_HIERARCHY,ALT_MARKET_SEG,VEGGIE,ALT_CATEGORY,VEGGIE,ALT_SUB_CATEGORY,VEGGIE MEAL SOLUTIONS
4020450180,MSF MEAL SOLUTIONS,US,ALT_PROD_HIERARCHY,ALT_MARKET_SEG,VEGGIE,ALT_CATEGORY,VEGGIE,ALT_SUB_CATEGORY,VEGGIE MEAL SOLUTIONS
4020450293,DO NOT USE - INCOG MEAL SOLUTIONS,US,ALT_PROD_HIERARCHY,ALT_MARKET_SEG,VEGGIE,ALT_CATEGORY,VEGGIE,ALT_SUB_CATEGORY,VEGGIE MEAL SOLUTIONS
4020450304,PRIVATE LABEL MEAL SOLUTIONS,US,ALT_PROD_HIERARCHY,ALT_MARKET_SEG,VEGGIE,ALT_CATEGORY,VEGGIE,ALT_SUB_CATEGORY,VEGGIE MEAL SOLUTIONS
4020500181,GB - OTHER,US,ALT_PROD_HIERARCHY,ALT_MARKET_SEG,VEGGIE,ALT_CATEGORY,VEGGIE,ALT_SUB_CATEGORY,VEGGIE OTHER
4020500182,MSF - OTHER,US,ALT_PROD_HIERARCHY,ALT_MARKET_SEG,VEGGIE,ALT_CATEGORY,VEGGIE,ALT_SUB_CATEGORY,VEGGIE OTHER
4020500183,MSF ORGANIC - OTHER,US,ALT_PROD_HIERARCHY,ALT_MARKET_SEG,VEGGIE,ALT_CATEGORY,VEGGIE,ALT_SUB_CATEGORY,VEGGIE OTHER
4020500184,WORTHINGTON FOODS - OTHER,US,ALT_PROD_HIERARCHY,ALT_MARKET_SEG,VEGGIE,ALT_CATEGORY,VEGGIE,ALT_SUB_CATEGORY,VEGGIE OTHER
4020550192,MSF ENTREES,US,ALT_PROD_HIERARCHY,ALT_MARKET_SEG,VEGGIE,ALT_CATEGORY,VEGGIE,ALT_SUB_CATEGORY,VEGGIE ENTREES
4020999999,VEGGIE PRODUCT RESERVE,US,ALT_PROD_HIERARCHY,ALT_MARKET_SEG,VEGGIE,ALT_CATEGORY,VEGGIE,ALT_SUB_CATEGORY,VEGGIE PRODUCT RESERVE
4030500185,KASHI PIZZA,US,ALT_PROD_HIERARCHY,ALT_MARKET_SEG,VEGGIE,ALT_CATEGORY,FROZEN MEALS,ALT_SUB_CATEGORY,PIZZA
4030550186,KASHI ENTRÉE'S,US,ALT_PROD_HIERARCHY,ALT_MARKET_SEG,VEGGIE,ALT_CATEGORY,FROZEN MEALS,ALT_SUB_CATEGORY,ENTREES
4030600240,KASHI SOUP,US,ALT_PROD_HIERARCHY,ALT_MARKET_SEG,VEGGIE,ALT_CATEGORY,FROZEN MEALS,ALT_SUB_CATEGORY,SOUPS
4030999999,FROZEN MEALS PRODUCT RESERVE,US,ALT_PROD_HIERARCHY,ALT_MARKET_SEG,VEGGIE,ALT_CATEGORY,FROZEN MEALS,ALT_SUB_CATEGORY,FROZEN MEALS PRODUCT RESERVE
4040500298,INCOGMEATO BURGERS,US,ALT_PROD_HIERARCHY,ALT_MARKET_SEG,VEGGIE,ALT_CATEGORY,PLANT PROTEIN ADJACENCY,ALT_SUB_CATEGORY,BURGERS
4040500299,INCOGMEATO GROUND,US,ALT_PROD_HIERARCHY,ALT_MARKET_SEG,VEGGIE,ALT_CATEGORY,PLANT PROTEIN ADJACENCY,ALT_SUB_CATEGORY,BURGERS
4040550300,INCOGMEATO CHICKEN,US,ALT_PROD_HIERARCHY,ALT_MARKET_SEG,VEGGIE,ALT_CATEGORY,PLANT PROTEIN ADJACENCY,ALT_SUB_CATEGORY,PPA POULTRY
4040550301,DO NOT USE - INCOGMEATO TNDRS,US,ALT_PROD_HIERARCHY,ALT_MARKET_SEG,VEGGIE,ALT_CATEGORY,PLANT PROTEIN ADJACENCY,ALT_SUB_CATEGORY,PPA POULTRY
4040600302,INCOGMEATO SAUSAGE,US,ALT_PROD_HIERARCHY,ALT_MARKET_SEG,VEGGIE,ALT_CATEGORY,PLANT PROTEIN ADJACNCY,ALT_SUB_CATEGORY,DOGS & DINNER SAUSAGE
4040650305,INCOGMEATO FROZEN BREAKFAST,US,ALT_PROD_HIERARCHY,ALT_MARKET_SEG,VEGGIE,ALT_CATEGORY,PLANT PROTEIN ADJACENCY,ALT_SUB_CATEGORY,PPA FROZEN BREAKFAST
4040700306,INCOGMEATO FRESH BREAKFAST,US,ALT_PROD_HIERARCHY,ALT_MARKET_SEG,VEGGIE,ALT_CATEGORY,PLANT PROTEIN ADJACENCY,ALT_SUB_CATEGORY,PPA FRESH BREAKFAST
